sport,technique_code,exercise_name,family,joint,joint_key,tier,app_value,quinn_verdict,source_status,action,published_comparator,paper_ids
bodybuilding,bb_back_barbell_bent_over_row_overhand_028,Barbell Bent-Over Row (Overhand),"Free-Weight Row (bent-over, Pendlay, T-bar, one-arm, chest-supported DB)",Hip Flexion,hip_flex,beginner,90,UNSOURCED,unsourced,grey,UNSOURCED,
bodybuilding,bb_back_barbell_bent_over_row_overhand_028,Barbell Bent-Over Row (Overhand),"Free-Weight Row (bent-over, Pendlay, T-bar, one-arm, chest-supported DB)",Lumbar Flexion,lumbar_flex,beginner,35,PARTIAL/NOT COMPARABLE,,keep,Lumbar flexion 22.9 deg (42.9% of own flexion range) in standing barbell bent-over row (Fenwick 2009),P28
bodybuilding,bb_back_barbell_bent_over_row_overhand_028,Barbell Bent-Over Row (Overhand),"Free-Weight Row (bent-over, Pendlay, T-bar, one-arm, chest-supported DB)",Shoulder Flexion,shoulder_flex,beginner,100,UNSOURCED,unsourced,grey,UNSOURCED,
bodybuilding,bb_back_barbell_bent_over_row_underhand_supinated_029,Barbell Bent-Over Row (Underhand / Supinated),"Free-Weight Row (bent-over, Pendlay, T-bar, one-arm, chest-supported DB)",Hip Flexion,hip_flex,beginner,90,UNSOURCED,unsourced,grey,UNSOURCED,
bodybuilding,bb_back_barbell_bent_over_row_underhand_supinated_029,Barbell Bent-Over Row (Underhand / Supinated),"Free-Weight Row (bent-over, Pendlay, T-bar, one-arm, chest-supported DB)",Lumbar Flexion,lumbar_flex,beginner,35,PARTIAL/NOT COMPARABLE,,keep,Lumbar flexion 22.9 deg (42.9% of own flexion range) in standing barbell bent-over row (Fenwick 2009),P28
bodybuilding,bb_back_barbell_bent_over_row_underhand_supinated_029,Barbell Bent-Over Row (Underhand / Supinated),"Free-Weight Row (bent-over, Pendlay, T-bar, one-arm, chest-supported DB)",Shoulder Flexion,shoulder_flex,beginner,100,UNSOURCED,unsourced,grey,UNSOURCED,
bodybuilding,bb_back_cable_pullover_kneeling_or_standing_047,Cable Pullover (Kneeling or Standing),Lat Pulldown / Pull-Up / Chin-Up / Pullover,Hip Flexion,hip_flex,intermediate,105,UNSOURCED,unsourced,grey,UNSOURCED,
bodybuilding,bb_back_cable_pullover_kneeling_or_standing_047,Cable Pullover (Kneeling or Standing),Lat Pulldown / Pull-Up / Chin-Up / Pullover,Lumbar Flexion,lumbar_flex,intermediate,45,UNSOURCED,unsourced,grey,UNSOURCED,
bodybuilding,bb_back_cable_pullover_kneeling_or_standing_047,Cable Pullover (Kneeling or Standing),Lat Pulldown / Pull-Up / Chin-Up / Pullover,Shoulder Flexion,shoulder_flex,intermediate,130,UNSOURCED,unsourced,grey,UNSOURCED,
bodybuilding,bb_back_cable_single_arm_row_kneeling_or_half_kneeling_045,Cable Single-Arm Row (Kneeling or Half-Kneeling),Seated / Cable / Machine Row,Hip Flexion,hip_flex,intermediate,105,UNSOURCED,unsourced,grey,UNSOURCED,
bodybuilding,bb_back_cable_single_arm_row_kneeling_or_half_kneeling_045,Cable Single-Arm Row (Kneeling or Half-Kneeling),Seated / Cable / Machine Row,Lumbar Flexion,lumbar_flex,intermediate,45,PARTIAL/NOT COMPARABLE,,keep,Lumbar flexion 2.8 deg in standing 1-arm cable row (Fenwick 2009),P28
bodybuilding,bb_back_cable_single_arm_row_kneeling_or_half_kneeling_045,Cable Single-Arm Row (Kneeling or Half-Kneeling),Seated / Cable / Machine Row,Shoulder Flexion,shoulder_flex,intermediate,130,UNSOURCED,unsourced,grey,UNSOURCED,
bodybuilding,bb_back_dumbbell_chest_supported_row_034,Dumbbell Chest-Supported Row,"Free-Weight Row (bent-over, Pendlay, T-bar, one-arm, chest-supported DB)",Hip Flexion,hip_flex,beginner,90,UNSOURCED,unsourced,grey,UNSOURCED,
bodybuilding,bb_back_dumbbell_chest_supported_row_034,Dumbbell Chest-Supported Row,"Free-Weight Row (bent-over, Pendlay, T-bar, one-arm, chest-supported DB)",Lumbar Flexion,lumbar_flex,beginner,35,UNSOURCED,unsourced,grey,UNSOURCED,
bodybuilding,bb_back_dumbbell_chest_supported_row_034,Dumbbell Chest-Supported Row,"Free-Weight Row (bent-over, Pendlay, T-bar, one-arm, chest-supported DB)",Shoulder Flexion,shoulder_flex,beginner,100,UNSOURCED,unsourced,grey,UNSOURCED,
bodybuilding,bb_back_dumbbell_pullover_back_focus_036,Dumbbell Pullover (Back-Focus),Lat Pulldown / Pull-Up / Chin-Up / Pullover,Hip Flexion,hip_flex,intermediate,105,UNSOURCED,unsourced,grey,UNSOURCED,
bodybuilding,bb_back_dumbbell_pullover_back_focus_036,Dumbbell Pullover (Back-Focus),Lat Pulldown / Pull-Up / Chin-Up / Pullover,Lumbar Flexion,lumbar_flex,intermediate,45,UNSOURCED,unsourced,grey,UNSOURCED,
bodybuilding,bb_back_dumbbell_pullover_back_focus_036,Dumbbell Pullover (Back-Focus),Lat Pulldown / Pull-Up / Chin-Up / Pullover,Shoulder Flexion,shoulder_flex,intermediate,130,UNSOURCED,unsourced,grey,UNSOURCED,
bodybuilding,bb_back_dumbbell_romanian_deadlift_038,Dumbbell Romanian Deadlift,Deadlift / Romanian & Stiff-Leg Deadlift (hinge),Hip Flexion,hip_flex,intermediate,105,CONTRADICTS,contradicted,grey,Hip flexion 79.97±15.85 deg at bottom of Romanian deadlift (Lee 2018),P19
bodybuilding,bb_back_dumbbell_romanian_deadlift_038,Dumbbell Romanian Deadlift,Deadlift / Romanian & Stiff-Leg Deadlift (hinge),Lumbar Flexion,lumbar_flex,intermediate,45,UNSOURCED,unsourced,grey,UNSOURCED,
bodybuilding,bb_back_dumbbell_romanian_deadlift_038,Dumbbell Romanian Deadlift,Deadlift / Romanian & Stiff-Leg Deadlift (hinge),Shoulder Flexion,shoulder_flex,intermediate,130,UNSOURCED,unsourced,grey,UNSOURCED,
bodybuilding,bb_back_dumbbell_shrug_037,Dumbbell Shrug,Upright Row / High Pull / Shrug,Hip Flexion,hip_flex,advanced,115,UNSOURCED,unsourced,grey,UNSOURCED,
bodybuilding,bb_back_dumbbell_shrug_037,Dumbbell Shrug,Upright Row / High Pull / Shrug,Lumbar Flexion,lumbar_flex,advanced,50,UNSOURCED,unsourced,grey,UNSOURCED,
bodybuilding,bb_back_dumbbell_shrug_037,Dumbbell Shrug,Upright Row / High Pull / Shrug,Shoulder Flexion,shoulder_flex,advanced,155,UNSOURCED,unsourced,grey,UNSOURCED,
bodybuilding,bb_back_face_pull_cable_rope_046,"Face Pull (Cable, Rope)",Face Pull / Rear-Delt Fly & Row (horizontal abduction),Hip Flexion,hip_flex,intermediate,105,UNSOURCED,unsourced,grey,UNSOURCED,
bodybuilding,bb_back_face_pull_cable_rope_046,"Face Pull (Cable, Rope)",Face Pull / Rear-Delt Fly & Row (horizontal abduction),Lumbar Flexion,lumbar_flex,intermediate,45,UNSOURCED,unsourced,grey,UNSOURCED,
bodybuilding,bb_back_face_pull_cable_rope_046,"Face Pull (Cable, Rope)",Face Pull / Rear-Delt Fly & Row (horizontal abduction),Shoulder Flexion,shoulder_flex,intermediate,130,UNSOURCED,unsourced,grey,UNSOURCED,
bodybuilding,bb_back_incline_dumbbell_row_prone_035,Incline Dumbbell Row (Prone),"Free-Weight Row (bent-over, Pendlay, T-bar, one-arm, chest-supported DB)",Hip Flexion,hip_flex,intermediate,105,UNSOURCED,unsourced,grey,UNSOURCED,
bodybuilding,bb_back_incline_dumbbell_row_prone_035,Incline Dumbbell Row (Prone),"Free-Weight Row (bent-over, Pendlay, T-bar, one-arm, chest-supported DB)",Lumbar Flexion,lumbar_flex,intermediate,45,UNSOURCED,unsourced,grey,UNSOURCED,
bodybuilding,bb_back_incline_dumbbell_row_prone_035,Incline Dumbbell Row (Prone),"Free-Weight Row (bent-over, Pendlay, T-bar, one-arm, chest-supported DB)",Shoulder Flexion,shoulder_flex,intermediate,130,UNSOURCED,unsourced,grey,UNSOURCED,
bodybuilding,bb_back_lat_pulldown_close_grip_neutral_043,Lat Pulldown (Close Grip / Neutral),Lat Pulldown / Pull-Up / Chin-Up / Pullover,Hip Flexion,hip_flex,intermediate,105,UNSOURCED,unsourced,grey,UNSOURCED,
bodybuilding,bb_back_lat_pulldown_close_grip_neutral_043,Lat Pulldown (Close Grip / Neutral),Lat Pulldown / Pull-Up / Chin-Up / Pullover,Lumbar Flexion,lumbar_flex,intermediate,45,UNSOURCED,unsourced,grey,UNSOURCED,
bodybuilding,bb_back_lat_pulldown_close_grip_neutral_043,Lat Pulldown (Close Grip / Neutral),Lat Pulldown / Pull-Up / Chin-Up / Pullover,Shoulder Flexion,shoulder_flex,intermediate,130,UNSOURCED,unsourced,grey,UNSOURCED,
bodybuilding,bb_back_lat_pulldown_wide_overhand_to_chest_042,"Lat Pulldown (Wide Overhand, to Chest)",Lat Pulldown / Pull-Up / Chin-Up / Pullover,Hip Flexion,hip_flex,intermediate,105,UNSOURCED,unsourced,grey,UNSOURCED,
bodybuilding,bb_back_lat_pulldown_wide_overhand_to_chest_042,"Lat Pulldown (Wide Overhand, to Chest)",Lat Pulldown / Pull-Up / Chin-Up / Pullover,Lumbar Flexion,lumbar_flex,intermediate,45,UNSOURCED,unsourced,grey,UNSOURCED,
bodybuilding,bb_back_lat_pulldown_wide_overhand_to_chest_042,"Lat Pulldown (Wide Overhand, to Chest)",Lat Pulldown / Pull-Up / Chin-Up / Pullover,Shoulder Flexion,shoulder_flex,intermediate,130,UNSOURCED,unsourced,grey,UNSOURCED,
bodybuilding,bb_back_low_row_machine_angled_cable_or_plate_054,Low Row Machine (Angled Cable or Plate),Seated / Cable / Machine Row,Hip Flexion,hip_flex,beginner,90,UNSOURCED,unsourced,grey,UNSOURCED,
bodybuilding,bb_back_low_row_machine_angled_cable_or_plate_054,Low Row Machine (Angled Cable or Plate),Seated / Cable / Machine Row,Lumbar Flexion,lumbar_flex,beginner,35,UNSOURCED,unsourced,grey,UNSOURCED,
bodybuilding,bb_back_low_row_machine_angled_cable_or_plate_054,Low Row Machine (Angled Cable or Plate),Seated / Cable / Machine Row,Shoulder Flexion,shoulder_flex,beginner,100,UNSOURCED,unsourced,grey,UNSOURCED,
bodybuilding,bb_back_machine_chest_supported_row_048,Machine Chest-Supported Row,Seated / Cable / Machine Row,Hip Flexion,hip_flex,beginner,90,UNSOURCED,unsourced,grey,UNSOURCED,
bodybuilding,bb_back_machine_chest_supported_row_048,Machine Chest-Supported Row,Seated / Cable / Machine Row,Lumbar Flexion,lumbar_flex,beginner,35,UNSOURCED,unsourced,grey,UNSOURCED,
bodybuilding,bb_back_machine_chest_supported_row_048,Machine Chest-Supported Row,Seated / Cable / Machine Row,Shoulder Flexion,shoulder_flex,beginner,100,UNSOURCED,unsourced,grey,UNSOURCED,
bodybuilding,bb_back_machine_lat_pulldown_plate_loaded_or_selectorize_049,Machine Lat Pulldown (Plate-Loaded or Selectorized),Lat Pulldown / Pull-Up / Chin-Up / Pullover,Hip Flexion,hip_flex,beginner,90,UNSOURCED,unsourced,grey,UNSOURCED,
bodybuilding,bb_back_machine_lat_pulldown_plate_loaded_or_selectorize_049,Machine Lat Pulldown (Plate-Loaded or Selectorized),Lat Pulldown / Pull-Up / Chin-Up / Pullover,Lumbar Flexion,lumbar_flex,beginner,35,UNSOURCED,unsourced,grey,UNSOURCED,
bodybuilding,bb_back_machine_lat_pulldown_plate_loaded_or_selectorize_049,Machine Lat Pulldown (Plate-Loaded or Selectorized),Lat Pulldown / Pull-Up / Chin-Up / Pullover,Shoulder Flexion,shoulder_flex,beginner,100,UNSOURCED,unsourced,grey,UNSOURCED,
bodybuilding,bb_back_machine_row_hammer_strength_plate_loaded_050,Machine Row (Hammer Strength / Plate-Loaded),Seated / Cable / Machine Row,Hip Flexion,hip_flex,beginner,90,UNSOURCED,unsourced,grey,UNSOURCED,
bodybuilding,bb_back_machine_row_hammer_strength_plate_loaded_050,Machine Row (Hammer Strength / Plate-Loaded),Seated / Cable / Machine Row,Lumbar Flexion,lumbar_flex,beginner,35,UNSOURCED,unsourced,grey,UNSOURCED,
bodybuilding,bb_back_machine_row_hammer_strength_plate_loaded_050,Machine Row (Hammer Strength / Plate-Loaded),Seated / Cable / Machine Row,Shoulder Flexion,shoulder_flex,beginner,100,UNSOURCED,unsourced,grey,UNSOURCED,
bodybuilding,bb_back_machine_shrug_plate_loaded_or_smith_052,Machine Shrug (Plate-Loaded or Smith),Upright Row / High Pull / Shrug,Hip Flexion,hip_flex,beginner,90,UNSOURCED,unsourced,grey,UNSOURCED,
bodybuilding,bb_back_machine_shrug_plate_loaded_or_smith_052,Machine Shrug (Plate-Loaded or Smith),Upright Row / High Pull / Shrug,Lumbar Flexion,lumbar_flex,beginner,35,UNSOURCED,unsourced,grey,UNSOURCED,
bodybuilding,bb_back_machine_shrug_plate_loaded_or_smith_052,Machine Shrug (Plate-Loaded or Smith),Upright Row / High Pull / Shrug,Shoulder Flexion,shoulder_flex,beginner,100,UNSOURCED,unsourced,grey,UNSOURCED,
bodybuilding,bb_back_pendlay_row_030,Pendlay Row,"Free-Weight Row (bent-over, Pendlay, T-bar, one-arm, chest-supported DB)",Hip Flexion,hip_flex,intermediate,105,UNSOURCED,unsourced,grey,UNSOURCED,
bodybuilding,bb_back_pendlay_row_030,Pendlay Row,"Free-Weight Row (bent-over, Pendlay, T-bar, one-arm, chest-supported DB)",Lumbar Flexion,lumbar_flex,intermediate,45,UNSOURCED,unsourced,grey,UNSOURCED,
bodybuilding,bb_back_pendlay_row_030,Pendlay Row,"Free-Weight Row (bent-over, Pendlay, T-bar, one-arm, chest-supported DB)",Shoulder Flexion,shoulder_flex,intermediate,130,UNSOURCED,unsourced,grey,UNSOURCED,
bodybuilding,bb_back_rack_pull_below_knee_032,Rack Pull (Below Knee),Deadlift / Romanian & Stiff-Leg Deadlift (hinge),Hip Flexion,hip_flex,advanced,115,UNSOURCED,unsourced,grey,UNSOURCED,
bodybuilding,bb_back_rack_pull_below_knee_032,Rack Pull (Below Knee),Deadlift / Romanian & Stiff-Leg Deadlift (hinge),Lumbar Flexion,lumbar_flex,advanced,50,UNSOURCED,unsourced,grey,UNSOURCED,
bodybuilding,bb_back_rack_pull_below_knee_032,Rack Pull (Below Knee),Deadlift / Romanian & Stiff-Leg Deadlift (hinge),Shoulder Flexion,shoulder_flex,advanced,155,UNSOURCED,unsourced,grey,UNSOURCED,
bodybuilding,bb_back_seated_cable_row_close_grip_v_bar_039,Seated Cable Row (Close Grip / V-Bar),Seated / Cable / Machine Row,Hip Flexion,hip_flex,intermediate,105,UNSOURCED,unsourced,grey,UNSOURCED,
bodybuilding,bb_back_seated_cable_row_close_grip_v_bar_039,Seated Cable Row (Close Grip / V-Bar),Seated / Cable / Machine Row,Lumbar Flexion,lumbar_flex,intermediate,45,UNSOURCED,unsourced,grey,UNSOURCED,
bodybuilding,bb_back_seated_cable_row_close_grip_v_bar_039,Seated Cable Row (Close Grip / V-Bar),Seated / Cable / Machine Row,Shoulder Flexion,shoulder_flex,intermediate,130,UNSOURCED,unsourced,grey,UNSOURCED,
bodybuilding,bb_back_seated_cable_row_wide_grip_040,Seated Cable Row (Wide Grip),Seated / Cable / Machine Row,Hip Flexion,hip_flex,intermediate,105,UNSOURCED,unsourced,grey,UNSOURCED,
bodybuilding,bb_back_seated_cable_row_wide_grip_040,Seated Cable Row (Wide Grip),Seated / Cable / Machine Row,Lumbar Flexion,lumbar_flex,intermediate,45,UNSOURCED,unsourced,grey,UNSOURCED,
bodybuilding,bb_back_seated_cable_row_wide_grip_040,Seated Cable Row (Wide Grip),Seated / Cable / Machine Row,Shoulder Flexion,shoulder_flex,intermediate,130,UNSOURCED,unsourced,grey,UNSOURCED,
bodybuilding,bb_back_seated_lat_pulldown_machine_converging_arms_053,Seated Lat Pulldown Machine (Converging Arms),Lat Pulldown / Pull-Up / Chin-Up / Pullover,Hip Flexion,hip_flex,beginner,90,UNSOURCED,unsourced,grey,UNSOURCED,
bodybuilding,bb_back_seated_lat_pulldown_machine_converging_arms_053,Seated Lat Pulldown Machine (Converging Arms),Lat Pulldown / Pull-Up / Chin-Up / Pullover,Lumbar Flexion,lumbar_flex,beginner,35,UNSOURCED,unsourced,grey,UNSOURCED,
bodybuilding,bb_back_seated_lat_pulldown_machine_converging_arms_053,Seated Lat Pulldown Machine (Converging Arms),Lat Pulldown / Pull-Up / Chin-Up / Pullover,Shoulder Flexion,shoulder_flex,beginner,100,UNSOURCED,unsourced,grey,UNSOURCED,
bodybuilding,bb_back_seated_row_machine_cable_or_cam_051,Seated Row Machine (Cable or Cam),Seated / Cable / Machine Row,Hip Flexion,hip_flex,beginner,90,UNSOURCED,unsourced,grey,UNSOURCED,
bodybuilding,bb_back_seated_row_machine_cable_or_cam_051,Seated Row Machine (Cable or Cam),Seated / Cable / Machine Row,Lumbar Flexion,lumbar_flex,beginner,35,UNSOURCED,unsourced,grey,UNSOURCED,
bodybuilding,bb_back_seated_row_machine_cable_or_cam_051,Seated Row Machine (Cable or Cam),Seated / Cable / Machine Row,Shoulder Flexion,shoulder_flex,beginner,100,UNSOURCED,unsourced,grey,UNSOURCED,
bodybuilding,bb_back_single_arm_dumbbell_row_bench_supported_033,Single-Arm Dumbbell Row (Bench-Supported),"Free-Weight Row (bent-over, Pendlay, T-bar, one-arm, chest-supported DB)",Hip Flexion,hip_flex,intermediate,105,UNSOURCED,unsourced,grey,UNSOURCED,
bodybuilding,bb_back_single_arm_dumbbell_row_bench_supported_033,Single-Arm Dumbbell Row (Bench-Supported),"Free-Weight Row (bent-over, Pendlay, T-bar, one-arm, chest-supported DB)",Lumbar Flexion,lumbar_flex,intermediate,45,UNSOURCED,unsourced,grey,UNSOURCED,
bodybuilding,bb_back_single_arm_dumbbell_row_bench_supported_033,Single-Arm Dumbbell Row (Bench-Supported),"Free-Weight Row (bent-over, Pendlay, T-bar, one-arm, chest-supported DB)",Shoulder Flexion,shoulder_flex,intermediate,130,UNSOURCED,unsourced,grey,UNSOURCED,
bodybuilding,bb_back_standing_cable_row_low_cable_row_041,Standing Cable Row / Low Cable Row,Seated / Cable / Machine Row,Hip Flexion,hip_flex,intermediate,105,UNSOURCED,unsourced,grey,UNSOURCED,
bodybuilding,bb_back_standing_cable_row_low_cable_row_041,Standing Cable Row / Low Cable Row,Seated / Cable / Machine Row,Lumbar Flexion,lumbar_flex,intermediate,45,UNSOURCED,unsourced,grey,UNSOURCED,
bodybuilding,bb_back_standing_cable_row_low_cable_row_041,Standing Cable Row / Low Cable Row,Seated / Cable / Machine Row,Shoulder Flexion,shoulder_flex,intermediate,130,UNSOURCED,unsourced,grey,UNSOURCED,
bodybuilding,bb_back_straight_arm_cable_pulldown_044,Straight-Arm Cable Pulldown,Lat Pulldown / Pull-Up / Chin-Up / Pullover,Hip Flexion,hip_flex,intermediate,105,UNSOURCED,unsourced,grey,UNSOURCED,
bodybuilding,bb_back_straight_arm_cable_pulldown_044,Straight-Arm Cable Pulldown,Lat Pulldown / Pull-Up / Chin-Up / Pullover,Lumbar Flexion,lumbar_flex,intermediate,45,UNSOURCED,unsourced,grey,UNSOURCED,
bodybuilding,bb_back_straight_arm_cable_pulldown_044,Straight-Arm Cable Pulldown,Lat Pulldown / Pull-Up / Chin-Up / Pullover,Shoulder Flexion,shoulder_flex,intermediate,130,UNSOURCED,unsourced,grey,UNSOURCED,
bodybuilding,bb_back_t_bar_row_landmine_031,T-Bar Row (Landmine),"Free-Weight Row (bent-over, Pendlay, T-bar, one-arm, chest-supported DB)",Hip Flexion,hip_flex,intermediate,105,UNSOURCED,unsourced,grey,UNSOURCED,
bodybuilding,bb_back_t_bar_row_landmine_031,T-Bar Row (Landmine),"Free-Weight Row (bent-over, Pendlay, T-bar, one-arm, chest-supported DB)",Lumbar Flexion,lumbar_flex,intermediate,45,UNSOURCED,unsourced,grey,UNSOURCED,
bodybuilding,bb_back_t_bar_row_landmine_031,T-Bar Row (Landmine),"Free-Weight Row (bent-over, Pendlay, T-bar, one-arm, chest-supported DB)",Shoulder Flexion,shoulder_flex,intermediate,130,UNSOURCED,unsourced,grey,UNSOURCED,
bodybuilding,bb_biceps_barbell_curl_standard_055,Barbell Curl (Standard),"Biceps Curl (standing, incline, preacher, machine, hammer, reverse)",Shoulder ER,shoulder_er,advanced,75,UNSOURCED,unsourced,grey,UNSOURCED,
bodybuilding,bb_biceps_bayesian_cable_curl_face_away_low_pulley_069,"Bayesian Cable Curl (Face-Away, Low Pulley)","Biceps Curl (standing, incline, preacher, machine, hammer, reverse)",Shoulder ER,shoulder_er,intermediate,65,UNSOURCED,unsourced,grey,UNSOURCED,
bodybuilding,bb_biceps_cable_preacher_curl_low_pulley_pad_073,"Cable Preacher Curl (Low Pulley, Pad)","Biceps Curl (standing, incline, preacher, machine, hammer, reverse)",Shoulder ER,shoulder_er,intermediate,65,UNSOURCED,unsourced,grey,UNSOURCED,
bodybuilding,bb_biceps_chin_up_supinated_grip_079,Chin-Up (Supinated Grip),Lat Pulldown / Pull-Up / Chin-Up / Pullover,Shoulder ER,shoulder_er,advanced,75,UNSOURCED,unsourced,grey,UNSOURCED,
bodybuilding,bb_biceps_close_grip_barbell_curl_057,Close-Grip Barbell Curl,"Biceps Curl (standing, incline, preacher, machine, hammer, reverse)",Shoulder ER,shoulder_er,advanced,75,UNSOURCED,unsourced,grey,UNSOURCED,
bodybuilding,bb_biceps_concentration_curl_065,Concentration Curl,"Biceps Curl (standing, incline, preacher, machine, hammer, reverse)",Shoulder ER,shoulder_er,advanced,75,UNSOURCED,unsourced,grey,UNSOURCED,
bodybuilding,bb_biceps_cross_body_cable_curl_low_pulley_075,Cross-Body Cable Curl (Low Pulley),"Biceps Curl (standing, incline, preacher, machine, hammer, reverse)",Shoulder ER,shoulder_er,intermediate,65,UNSOURCED,unsourced,grey,UNSOURCED,
bodybuilding,bb_biceps_drag_curl_barbell_058,Drag Curl (Barbell),"Biceps Curl (standing, incline, preacher, machine, hammer, reverse)",Shoulder ER,shoulder_er,advanced,75,UNSOURCED,unsourced,grey,UNSOURCED,
bodybuilding,bb_biceps_dumbbell_zottman_curl_066,Dumbbell Zottman Curl,"Biceps Curl (standing, incline, preacher, machine, hammer, reverse)",Shoulder ER,shoulder_er,intermediate,65,UNSOURCED,unsourced,grey,UNSOURCED,
bodybuilding,bb_biceps_ez_bar_curl_056,EZ Bar Curl,"Biceps Curl (standing, incline, preacher, machine, hammer, reverse)",Shoulder ER,shoulder_er,beginner,50,UNSOURCED,unsourced,grey,UNSOURCED,
bodybuilding,bb_biceps_hammer_curl_dumbbell_063,Hammer Curl (Dumbbell),"Biceps Curl (standing, incline, preacher, machine, hammer, reverse)",Shoulder ER,shoulder_er,intermediate,65,UNSOURCED,unsourced,grey,UNSOURCED,
bodybuilding,bb_biceps_high_cable_curl_overhead_cable_curl_071,High Cable Curl (Overhead Cable Curl),"Biceps Curl (standing, incline, preacher, machine, hammer, reverse)",Shoulder ER,shoulder_er,advanced,75,UNSOURCED,unsourced,grey,UNSOURCED,
bodybuilding,bb_biceps_incline_dumbbell_curl_45_60_061,Incline Dumbbell Curl (45 deg-60 deg),"Biceps Curl (standing, incline, preacher, machine, hammer, reverse)",Shoulder ER,shoulder_er,intermediate,65,UNSOURCED,unsourced,grey,UNSOURCED,
bodybuilding,bb_biceps_inverse_zottman_hammer_concentric_supinated_ecce_067,Inverse Zottman (Hammer Concentric / Supinated Eccentric),"Biceps Curl (standing, incline, preacher, machine, hammer, reverse)",Shoulder ER,shoulder_er,intermediate,65,UNSOURCED,unsourced,grey,UNSOURCED,
bodybuilding,bb_biceps_lying_flat_bench_db_curl_062,Lying Flat Bench DB Curl,"Biceps Curl (standing, incline, preacher, machine, hammer, reverse)",Shoulder ER,shoulder_er,intermediate,65,UNSOURCED,unsourced,grey,UNSOURCED,
bodybuilding,bb_biceps_machine_curl_cam_based_077,Machine Curl (Cam-Based),"Biceps Curl (standing, incline, preacher, machine, hammer, reverse)",Shoulder ER,shoulder_er,beginner,50,UNSOURCED,unsourced,grey,UNSOURCED,
bodybuilding,bb_biceps_machine_preacher_curl_076,Machine Preacher Curl,"Biceps Curl (standing, incline, preacher, machine, hammer, reverse)",Shoulder ER,shoulder_er,beginner,50,UNSOURCED,unsourced,grey,UNSOURCED,
bodybuilding,bb_biceps_preacher_curl_dumbbell_064,Preacher Curl (Dumbbell),"Biceps Curl (standing, incline, preacher, machine, hammer, reverse)",Shoulder ER,shoulder_er,beginner,50,UNSOURCED,unsourced,grey,UNSOURCED,
bodybuilding,bb_biceps_preacher_hammer_curl_db_068,Preacher Hammer Curl (DB),"Biceps Curl (standing, incline, preacher, machine, hammer, reverse)",Shoulder ER,shoulder_er,beginner,50,UNSOURCED,unsourced,grey,UNSOURCED,
bodybuilding,bb_biceps_resistance_band_curl_080,Resistance Band Curl,"Biceps Curl (standing, incline, preacher, machine, hammer, reverse)",Shoulder ER,shoulder_er,advanced,75,UNSOURCED,unsourced,grey,UNSOURCED,
bodybuilding,bb_biceps_reverse_curl_barbell_059,Reverse Curl (Barbell),"Biceps Curl (standing, incline, preacher, machine, hammer, reverse)",Shoulder ER,shoulder_er,advanced,75,UNSOURCED,unsourced,grey,UNSOURCED,
bodybuilding,bb_biceps_rope_hammer_curl_cable_low_pulley_074,"Rope Hammer Curl (Cable, Low Pulley)","Biceps Curl (standing, incline, preacher, machine, hammer, reverse)",Shoulder ER,shoulder_er,intermediate,65,UNSOURCED,unsourced,grey,UNSOURCED,
bodybuilding,bb_biceps_scott_curl_machine_barbell_on_vertical_pad_078,Scott Curl (Machine / Barbell on Vertical Pad),"Biceps Curl (standing, incline, preacher, machine, hammer, reverse)",Shoulder ER,shoulder_er,advanced,75,UNSOURCED,unsourced,grey,UNSOURCED,
bodybuilding,bb_biceps_single_arm_cable_curl_low_pulley_supinated_072,"Single-Arm Cable Curl (Low Pulley, Supinated)","Biceps Curl (standing, incline, preacher, machine, hammer, reverse)",Shoulder ER,shoulder_er,intermediate,65,UNSOURCED,unsourced,grey,UNSOURCED,
bodybuilding,bb_biceps_standard_cable_curl_low_pulley_facing_070,"Standard Cable Curl (Low Pulley, Facing)","Biceps Curl (standing, incline, preacher, machine, hammer, reverse)",Shoulder ER,shoulder_er,intermediate,65,UNSOURCED,unsourced,grey,UNSOURCED,
bodybuilding,bb_biceps_standing_dumbbell_curl_060,Standing Dumbbell Curl,"Biceps Curl (standing, incline, preacher, machine, hammer, reverse)",Shoulder ER,shoulder_er,intermediate,65,UNSOURCED,unsourced,grey,UNSOURCED,
bodybuilding,bb_biceps_trx_ring_curl_081,TRX / Ring Curl,"Biceps Curl (standing, incline, preacher, machine, hammer, reverse)",Shoulder ER,shoulder_er,advanced,75,UNSOURCED,unsourced,grey,UNSOURCED,
bodybuilding,bb_calves_barbell_donkey_calf_raise_weighted_bent_over_090,"Barbell Donkey Calf Raise (Weighted, Bent Over)","Calf Raise (standing, seated, donkey, leg-press toe press)",Ankle DF,ankle_df,beginner,12,UNSOURCED,unsourced,grey,UNSOURCED,
bodybuilding,bb_calves_barbell_standing_calf_raise_on_step_088,Barbell Standing Calf Raise (On Step),"Calf Raise (standing, seated, donkey, leg-press toe press)",Ankle DF,ankle_df,advanced,20,UNSOURCED,unsourced,grey,UNSOURCED,
bodybuilding,bb_calves_bilateral_bodyweight_calf_raise_on_step_100,Bilateral Bodyweight Calf Raise (On Step),"Calf Raise (standing, seated, donkey, leg-press toe press)",Ankle DF,ankle_df,advanced,20,UNSOURCED,unsourced,grey,UNSOURCED,
bodybuilding,bb_calves_bilateral_dumbbell_standing_calf_raise_on_step_092,Bilateral Dumbbell Standing Calf Raise (On Step),"Calf Raise (standing, seated, donkey, leg-press toe press)",Ankle DF,ankle_df,intermediate,16,UNSOURCED,unsourced,grey,UNSOURCED,
bodybuilding,bb_calves_bodyweight_donkey_calf_raise_bent_over_two_leg_098,"Bodyweight Donkey Calf Raise (Bent Over, Two-Leg)","Calf Raise (standing, seated, donkey, leg-press toe press)",Ankle DF,ankle_df,beginner,12,UNSOURCED,unsourced,grey,UNSOURCED,
bodybuilding,bb_calves_cable_seated_calf_raise_ankle_attachment_096,Cable Seated Calf Raise (Ankle Attachment),"Calf Raise (standing, seated, donkey, leg-press toe press)",Ankle DF,ankle_df,intermediate,16,UNSOURCED,unsourced,grey,UNSOURCED,
bodybuilding,bb_calves_cable_standing_calf_raise_ankle_attachment_step_095,"Cable Standing Calf Raise (Ankle Attachment, Step)","Calf Raise (standing, seated, donkey, leg-press toe press)",Ankle DF,ankle_df,intermediate,16,UNSOURCED,unsourced,grey,UNSOURCED,
bodybuilding,bb_calves_donkey_calf_raise_machine_084,Donkey Calf Raise Machine,"Calf Raise (standing, seated, donkey, leg-press toe press)",Ankle DF,ankle_df,beginner,12,UNSOURCED,unsourced,grey,UNSOURCED,
bodybuilding,bb_calves_dumbbell_donkey_calf_raise_single_leg_bent_over_094,Dumbbell Donkey Calf Raise (Single-Leg Bent Over),"Calf Raise (standing, seated, donkey, leg-press toe press)",Ankle DF,ankle_df,intermediate,16,UNSOURCED,unsourced,grey,UNSOURCED,
bodybuilding,bb_calves_jump_rope_skipping_101,Jump Rope / Skipping,OTHER (plyometric / non-lift / dorsiflexor isolation),Ankle DF,ankle_df,advanced,20,UNSOURCED,unsourced,grey,UNSOURCED,
bodybuilding,bb_calves_leg_press_toe_press_standing_rom_knee_straight_085,Leg Press Toe Press (Standing ROM / Knee Straight),"Calf Raise (standing, seated, donkey, leg-press toe press)",Ankle DF,ankle_df,beginner,12,UNSOURCED,unsourced,grey,UNSOURCED,
bodybuilding,bb_calves_resistance_band_calf_raise_on_step_097,Resistance Band Calf Raise (On Step),"Calf Raise (standing, seated, donkey, leg-press toe press)",Ankle DF,ankle_df,advanced,20,UNSOURCED,unsourced,grey,UNSOURCED,
bodybuilding,bb_calves_seated_barbell_calf_raise_knee_bent_on_step_089,"Seated Barbell Calf Raise (Knee-Bent, On Step)","Calf Raise (standing, seated, donkey, leg-press toe press)",Ankle DF,ankle_df,advanced,20,UNSOURCED,unsourced,grey,UNSOURCED,
bodybuilding,bb_calves_seated_calf_raise_machine_knee_bent_083,Seated Calf Raise Machine (Knee-Bent),"Calf Raise (standing, seated, donkey, leg-press toe press)",Ankle DF,ankle_df,beginner,12,UNSOURCED,unsourced,grey,UNSOURCED,
bodybuilding,bb_calves_seated_dumbbell_calf_raise_knee_bent_093,Seated Dumbbell Calf Raise (Knee-Bent),"Calf Raise (standing, seated, donkey, leg-press toe press)",Ankle DF,ankle_df,intermediate,16,UNSOURCED,unsourced,grey,UNSOURCED,
bodybuilding,bb_calves_single_leg_bodyweight_calf_raise_on_step_099,Single-Leg Bodyweight Calf Raise (On Step),"Calf Raise (standing, seated, donkey, leg-press toe press)",Ankle DF,ankle_df,intermediate,16,UNSOURCED,unsourced,grey,UNSOURCED,
bodybuilding,bb_calves_single_leg_dumbbell_calf_raise_on_step_091,Single-Leg Dumbbell Calf Raise (On Step),"Calf Raise (standing, seated, donkey, leg-press toe press)",Ankle DF,ankle_df,intermediate,16,UNSOURCED,unsourced,grey,UNSOURCED,
bodybuilding,bb_calves_smith_machine_calf_raise_on_step_086,Smith Machine Calf Raise (On Step),"Calf Raise (standing, seated, donkey, leg-press toe press)",Ankle DF,ankle_df,beginner,12,UNSOURCED,unsourced,grey,UNSOURCED,
bodybuilding,bb_calves_standing_calf_raise_machine_082,Standing Calf Raise Machine,"Calf Raise (standing, seated, donkey, leg-press toe press)",Ankle DF,ankle_df,beginner,12,UNSOURCED,unsourced,grey,UNSOURCED,
bodybuilding,bb_calves_tibialis_machine_anterior_tibialis_087,Tibialis Machine (Anterior Tibialis),OTHER (plyometric / non-lift / dorsiflexor isolation),Ankle DF,ankle_df,advanced,20,UNSOURCED,unsourced,grey,UNSOURCED,
bodybuilding,bb_calves_wall_calf_stretch_loaded_eccentric_hold_102,Wall Calf Stretch (Loaded Eccentric Hold),OTHER (plyometric / non-lift / dorsiflexor isolation),Ankle DF,ankle_df,beginner,12,UNSOURCED,unsourced,grey,UNSOURCED,
bodybuilding,bb_chest_assisted_dip_machine_chest_focus_128,Assisted Dip Machine (Chest Focus),Push-Up / Dip,Shoulder ER,shoulder_er,beginner,60,UNSOURCED,unsourced,grey,UNSOURCED,
bodybuilding,bb_chest_assisted_dip_machine_chest_focus_128,Assisted Dip Machine (Chest Focus),Push-Up / Dip,Shoulder Flexion,shoulder_flex,beginner,100,UNSOURCED,unsourced,grey,UNSOURCED,
bodybuilding,bb_chest_banded_push_up_133,Banded Push-Up,Push-Up / Dip,Shoulder ER,shoulder_er,advanced,85,UNSOURCED,unsourced,grey,UNSOURCED,
bodybuilding,bb_chest_banded_push_up_133,Banded Push-Up,Push-Up / Dip,Shoulder Flexion,shoulder_flex,advanced,150,UNSOURCED,unsourced,grey,UNSOURCED,
bodybuilding,bb_chest_barbell_floor_press_107,Barbell Floor Press,"Bench Press (flat: barbell, DB, Smith, floor, close-grip, machine, cable)",Shoulder ER,shoulder_er,advanced,85,UNSOURCED,unsourced,grey,UNSOURCED,
bodybuilding,bb_chest_barbell_floor_press_107,Barbell Floor Press,"Bench Press (flat: barbell, DB, Smith, floor, close-grip, machine, cable)",Shoulder Flexion,shoulder_flex,advanced,150,UNSOURCED,unsourced,grey,UNSOURCED,
bodybuilding,bb_chest_cable_crossover_cross_body_119,Cable Crossover (Cross-Body),"Fly (DB, cable, pec deck)",Shoulder ER,shoulder_er,intermediate,75,UNSOURCED,unsourced,grey,UNSOURCED,
bodybuilding,bb_chest_cable_crossover_cross_body_119,Cable Crossover (Cross-Body),"Fly (DB, cable, pec deck)",Shoulder Flexion,shoulder_flex,intermediate,130,UNSOURCED,unsourced,grey,UNSOURCED,
bodybuilding,bb_chest_cable_fly_single_arm_121,Cable Fly - Single Arm,"Fly (DB, cable, pec deck)",Shoulder ER,shoulder_er,intermediate,75,UNSOURCED,unsourced,grey,UNSOURCED,
bodybuilding,bb_chest_cable_fly_single_arm_121,Cable Fly - Single Arm,"Fly (DB, cable, pec deck)",Shoulder Flexion,shoulder_flex,intermediate,130,UNSOURCED,unsourced,grey,UNSOURCED,
bodybuilding,bb_chest_cable_press_around_machine_127,Cable Press-Around Machine,"Bench Press (flat: barbell, DB, Smith, floor, close-grip, machine, cable)",Shoulder ER,shoulder_er,beginner,60,UNSOURCED,unsourced,grey,UNSOURCED,
bodybuilding,bb_chest_cable_press_around_machine_127,Cable Press-Around Machine,"Bench Press (flat: barbell, DB, Smith, floor, close-grip, machine, cable)",Shoulder Flexion,shoulder_flex,beginner,100,UNSOURCED,unsourced,grey,UNSOURCED,
bodybuilding,bb_chest_cable_press_flat_standing_120,Cable Press (Flat / Standing),"Bench Press (flat: barbell, DB, Smith, floor, close-grip, machine, cable)",Shoulder ER,shoulder_er,intermediate,75,UNSOURCED,unsourced,grey,UNSOURCED,
bodybuilding,bb_chest_cable_press_flat_standing_120,Cable Press (Flat / Standing),"Bench Press (flat: barbell, DB, Smith, floor, close-grip, machine, cable)",Shoulder Flexion,shoulder_flex,intermediate,130,UNSOURCED,unsourced,grey,UNSOURCED,
bodybuilding,bb_chest_chest_dip_forward_lean_132,Chest Dip (Forward Lean),Push-Up / Dip,Shoulder ER,shoulder_er,intermediate,75,UNSOURCED,unsourced,grey,UNSOURCED,
bodybuilding,bb_chest_chest_dip_forward_lean_132,Chest Dip (Forward Lean),Push-Up / Dip,Shoulder Flexion,shoulder_flex,intermediate,130,UNSOURCED,unsourced,grey,UNSOURCED,
bodybuilding,bb_chest_decline_barbell_bench_press_105,Decline Barbell Bench Press,Incline / Decline Press,Shoulder ER,shoulder_er,advanced,85,UNSOURCED,unsourced,grey,UNSOURCED,
bodybuilding,bb_chest_decline_barbell_bench_press_105,Decline Barbell Bench Press,Incline / Decline Press,Shoulder Flexion,shoulder_flex,advanced,150,UNSOURCED,unsourced,grey,UNSOURCED,
bodybuilding,bb_chest_decline_dumbbell_fly_112,Decline Dumbbell Fly,"Fly (DB, cable, pec deck)",Shoulder ER,shoulder_er,intermediate,75,UNSOURCED,unsourced,grey,UNSOURCED,
bodybuilding,bb_chest_decline_dumbbell_fly_112,Decline Dumbbell Fly,"Fly (DB, cable, pec deck)",Shoulder Flexion,shoulder_flex,intermediate,130,UNSOURCED,unsourced,grey,UNSOURCED,
bodybuilding,bb_chest_deficit_push_up_130,Deficit Push-Up,Push-Up / Dip,Shoulder ER,shoulder_er,intermediate,75,UNSOURCED,unsourced,grey,UNSOURCED,
bodybuilding,bb_chest_deficit_push_up_130,Deficit Push-Up,Push-Up / Dip,Shoulder Flexion,shoulder_flex,intermediate,130,UNSOURCED,unsourced,grey,UNSOURCED,
bodybuilding,bb_chest_dumbbell_guillotine_press_114,Dumbbell Guillotine Press,"Bench Press (flat: barbell, DB, Smith, floor, close-grip, machine, cable)",Shoulder ER,shoulder_er,intermediate,75,UNSOURCED,unsourced,grey,UNSOURCED,
bodybuilding,bb_chest_dumbbell_guillotine_press_114,Dumbbell Guillotine Press,"Bench Press (flat: barbell, DB, Smith, floor, close-grip, machine, cable)",Shoulder Flexion,shoulder_flex,intermediate,130,UNSOURCED,unsourced,grey,UNSOURCED,
bodybuilding,bb_chest_dumbbell_pullover_113,Dumbbell Pullover,Lat Pulldown / Pull-Up / Chin-Up / Pullover,Shoulder ER,shoulder_er,advanced,85,UNSOURCED,unsourced,grey,UNSOURCED,
bodybuilding,bb_chest_dumbbell_pullover_113,Dumbbell Pullover,Lat Pulldown / Pull-Up / Chin-Up / Pullover,Shoulder Flexion,shoulder_flex,advanced,150,UNSOURCED,unsourced,grey,UNSOURCED,
bodybuilding,bb_chest_flat_barbell_bench_press_103,Flat Barbell Bench Press,"Bench Press (flat: barbell, DB, Smith, floor, close-grip, machine, cable)",Shoulder ER,shoulder_er,beginner,60,UNSOURCED,unsourced,grey,UNSOURCED,
bodybuilding,bb_chest_flat_barbell_bench_press_103,Flat Barbell Bench Press,"Bench Press (flat: barbell, DB, Smith, floor, close-grip, machine, cable)",Shoulder Flexion,shoulder_flex,beginner,100,PARTIAL/NOT COMPARABLE,,keep,"Bench press measured: elbow flexion 87.4-114.1 deg, shoulder abduction 37.9-66.1 deg, horizontal adduction 47.0-65.2 deg (Mausehund 2022); shoulder flexion NOT reported",P31
bodybuilding,bb_chest_flat_dumbbell_bench_press_108,Flat Dumbbell Bench Press,"Bench Press (flat: barbell, DB, Smith, floor, close-grip, machine, cable)",Shoulder ER,shoulder_er,intermediate,75,UNSOURCED,unsourced,grey,UNSOURCED,
bodybuilding,bb_chest_flat_dumbbell_bench_press_108,Flat Dumbbell Bench Press,"Bench Press (flat: barbell, DB, Smith, floor, close-grip, machine, cable)",Shoulder Flexion,shoulder_flex,intermediate,130,UNSOURCED,unsourced,grey,UNSOURCED,
bodybuilding,bb_chest_flat_dumbbell_fly_110,Flat Dumbbell Fly,"Fly (DB, cable, pec deck)",Shoulder ER,shoulder_er,intermediate,75,UNSOURCED,unsourced,grey,UNSOURCED,
bodybuilding,bb_chest_flat_dumbbell_fly_110,Flat Dumbbell Fly,"Fly (DB, cable, pec deck)",Shoulder Flexion,shoulder_flex,intermediate,130,UNSOURCED,unsourced,grey,UNSOURCED,
bodybuilding,bb_chest_high_to_low_cable_fly_117,High-to-Low Cable Fly,"Fly (DB, cable, pec deck)",Shoulder ER,shoulder_er,intermediate,75,UNSOURCED,unsourced,grey,UNSOURCED,
bodybuilding,bb_chest_high_to_low_cable_fly_117,High-to-Low Cable Fly,"Fly (DB, cable, pec deck)",Shoulder Flexion,shoulder_flex,intermediate,130,UNSOURCED,unsourced,grey,UNSOURCED,
bodybuilding,bb_chest_incline_barbell_bench_press_104,Incline Barbell Bench Press,Incline / Decline Press,Shoulder ER,shoulder_er,beginner,60,UNSOURCED,unsourced,grey,UNSOURCED,
bodybuilding,bb_chest_incline_barbell_bench_press_104,Incline Barbell Bench Press,Incline / Decline Press,Shoulder Flexion,shoulder_flex,beginner,100,UNSOURCED,unsourced,grey,UNSOURCED,
bodybuilding,bb_chest_incline_dumbbell_bench_press_109,Incline Dumbbell Bench Press,Incline / Decline Press,Shoulder ER,shoulder_er,intermediate,75,UNSOURCED,unsourced,grey,UNSOURCED,
bodybuilding,bb_chest_incline_dumbbell_bench_press_109,Incline Dumbbell Bench Press,Incline / Decline Press,Shoulder Flexion,shoulder_flex,intermediate,130,UNSOURCED,unsourced,grey,UNSOURCED,
bodybuilding,bb_chest_incline_dumbbell_fly_111,Incline Dumbbell Fly,"Fly (DB, cable, pec deck)",Shoulder ER,shoulder_er,intermediate,75,UNSOURCED,unsourced,grey,UNSOURCED,
bodybuilding,bb_chest_incline_dumbbell_fly_111,Incline Dumbbell Fly,"Fly (DB, cable, pec deck)",Shoulder Flexion,shoulder_flex,intermediate,130,UNSOURCED,unsourced,grey,UNSOURCED,
bodybuilding,bb_chest_incline_machine_chest_press_124,Incline Machine Chest Press,Incline / Decline Press,Shoulder ER,shoulder_er,beginner,60,UNSOURCED,unsourced,grey,UNSOURCED,
bodybuilding,bb_chest_incline_machine_chest_press_124,Incline Machine Chest Press,Incline / Decline Press,Shoulder Flexion,shoulder_flex,beginner,100,UNSOURCED,unsourced,grey,UNSOURCED,
bodybuilding,bb_chest_low_to_high_cable_fly_116,Low-to-High Cable Fly,"Fly (DB, cable, pec deck)",Shoulder ER,shoulder_er,intermediate,75,UNSOURCED,unsourced,grey,UNSOURCED,
bodybuilding,bb_chest_low_to_high_cable_fly_116,Low-to-High Cable Fly,"Fly (DB, cable, pec deck)",Shoulder Flexion,shoulder_flex,intermediate,130,UNSOURCED,unsourced,grey,UNSOURCED,
bodybuilding,bb_chest_machine_chest_press_converging_122,Machine Chest Press (Converging),"Bench Press (flat: barbell, DB, Smith, floor, close-grip, machine, cable)",Shoulder ER,shoulder_er,beginner,60,UNSOURCED,unsourced,grey,UNSOURCED,
bodybuilding,bb_chest_machine_chest_press_converging_122,Machine Chest Press (Converging),"Bench Press (flat: barbell, DB, Smith, floor, close-grip, machine, cable)",Shoulder Flexion,shoulder_flex,beginner,100,UNSOURCED,unsourced,grey,UNSOURCED,
bodybuilding,bb_chest_pec_deck_machine_fly_123,Pec Deck / Machine Fly,"Fly (DB, cable, pec deck)",Shoulder ER,shoulder_er,beginner,60,UNSOURCED,unsourced,grey,UNSOURCED,
bodybuilding,bb_chest_pec_deck_machine_fly_123,Pec Deck / Machine Fly,"Fly (DB, cable, pec deck)",Shoulder Flexion,shoulder_flex,beginner,100,UNSOURCED,unsourced,grey,UNSOURCED,
bodybuilding,bb_chest_seated_cable_fly_incline_bench_118,Seated Cable Fly (Incline Bench),"Fly (DB, cable, pec deck)",Shoulder ER,shoulder_er,intermediate,75,UNSOURCED,unsourced,grey,UNSOURCED,
bodybuilding,bb_chest_seated_cable_fly_incline_bench_118,Seated Cable Fly (Incline Bench),"Fly (DB, cable, pec deck)",Shoulder Flexion,shoulder_flex,intermediate,130,UNSOURCED,unsourced,grey,UNSOURCED,
bodybuilding,bb_chest_smith_machine_bench_press_flat_125,Smith Machine Bench Press (Flat),"Bench Press (flat: barbell, DB, Smith, floor, close-grip, machine, cable)",Shoulder ER,shoulder_er,beginner,60,UNSOURCED,unsourced,grey,UNSOURCED,
bodybuilding,bb_chest_smith_machine_bench_press_flat_125,Smith Machine Bench Press (Flat),"Bench Press (flat: barbell, DB, Smith, floor, close-grip, machine, cable)",Shoulder Flexion,shoulder_flex,beginner,100,UNSOURCED,unsourced,grey,UNSOURCED,
bodybuilding,bb_chest_smith_machine_incline_press_126,Smith Machine Incline Press,Incline / Decline Press,Shoulder ER,shoulder_er,beginner,60,UNSOURCED,unsourced,grey,UNSOURCED,
bodybuilding,bb_chest_smith_machine_incline_press_126,Smith Machine Incline Press,Incline / Decline Press,Shoulder Flexion,shoulder_flex,beginner,100,UNSOURCED,unsourced,grey,UNSOURCED,
bodybuilding,bb_chest_standard_push_up_129,Standard Push-Up,Push-Up / Dip,Shoulder ER,shoulder_er,advanced,85,UNSOURCED,unsourced,grey,UNSOURCED,
bodybuilding,bb_chest_standard_push_up_129,Standard Push-Up,Push-Up / Dip,Shoulder Flexion,shoulder_flex,advanced,150,UNSOURCED,unsourced,grey,UNSOURCED,
bodybuilding,bb_chest_standing_cable_fly_mid_cable_115,Standing Cable Fly (Mid-Cable),"Fly (DB, cable, pec deck)",Shoulder ER,shoulder_er,intermediate,75,UNSOURCED,unsourced,grey,UNSOURCED,
bodybuilding,bb_chest_standing_cable_fly_mid_cable_115,Standing Cable Fly (Mid-Cable),"Fly (DB, cable, pec deck)",Shoulder Flexion,shoulder_flex,intermediate,130,UNSOURCED,unsourced,grey,UNSOURCED,
bodybuilding,bb_chest_weighted_push_up_131,Weighted Push-Up,Push-Up / Dip,Shoulder ER,shoulder_er,advanced,85,UNSOURCED,unsourced,grey,UNSOURCED,
bodybuilding,bb_chest_weighted_push_up_131,Weighted Push-Up,Push-Up / Dip,Shoulder Flexion,shoulder_flex,advanced,150,UNSOURCED,unsourced,grey,UNSOURCED,
bodybuilding,bb_chest_wide_grip_flat_barbell_press_106,Wide-Grip Flat Barbell Press,"Bench Press (flat: barbell, DB, Smith, floor, close-grip, machine, cable)",Shoulder ER,shoulder_er,beginner,60,UNSOURCED,unsourced,grey,UNSOURCED,
bodybuilding,bb_chest_wide_grip_flat_barbell_press_106,Wide-Grip Flat Barbell Press,"Bench Press (flat: barbell, DB, Smith, floor, close-grip, machine, cable)",Shoulder Flexion,shoulder_flex,beginner,100,PARTIAL/NOT COMPARABLE,,keep,"Bench press measured: elbow flexion 87.4-114.1 deg, shoulder abduction 37.9-66.1 deg, horizontal adduction 47.0-65.2 deg (Mausehund 2022); shoulder flexion NOT reported",P31
bodybuilding,bb_core_ab_crunch_machine_cam_based_225,Ab Crunch Machine (Cam-Based),Crunch / Sit-Up (spinal flexion),Hip Flexion,hip_flex,beginner,85,UNSOURCED,unsourced,grey,UNSOURCED,
bodybuilding,bb_core_ab_crunch_machine_cam_based_225,Ab Crunch Machine (Cam-Based),Crunch / Sit-Up (spinal flexion),Lumbar Extension,lumbar_ext,beginner,15,UNSOURCED,unsourced,grey,UNSOURCED,
bodybuilding,bb_core_ab_crunch_machine_cam_based_225,Ab Crunch Machine (Cam-Based),Crunch / Sit-Up (spinal flexion),Lumbar Flexion,lumbar_flex,beginner,35,UNSOURCED,unsourced,grey,UNSOURCED,
bodybuilding,bb_core_ab_wheel_rollout_240,Ab Wheel Rollout,Leg Raise / Hollow / Rollout / L-Sit (anti-extension & hip flexors),Hip Flexion,hip_flex,intermediate,105,UNSOURCED,unsourced,grey,UNSOURCED,
bodybuilding,bb_core_ab_wheel_rollout_240,Ab Wheel Rollout,Leg Raise / Hollow / Rollout / L-Sit (anti-extension & hip flexors),Lumbar Extension,lumbar_ext,intermediate,18,UNSOURCED,unsourced,grey,UNSOURCED,
bodybuilding,bb_core_ab_wheel_rollout_240,Ab Wheel Rollout,Leg Raise / Hollow / Rollout / L-Sit (anti-extension & hip flexors),Lumbar Flexion,lumbar_flex,intermediate,45,UNSOURCED,unsourced,grey,UNSOURCED,
bodybuilding,bb_core_barbell_rollout_ab_wheel_equivalent_230,Barbell Rollout (Ab Wheel Equivalent),Leg Raise / Hollow / Rollout / L-Sit (anti-extension & hip flexors),Hip Flexion,hip_flex,beginner,85,UNSOURCED,unsourced,grey,UNSOURCED,
bodybuilding,bb_core_barbell_rollout_ab_wheel_equivalent_230,Barbell Rollout (Ab Wheel Equivalent),Leg Raise / Hollow / Rollout / L-Sit (anti-extension & hip flexors),Lumbar Extension,lumbar_ext,beginner,15,UNSOURCED,unsourced,grey,UNSOURCED,
bodybuilding,bb_core_barbell_rollout_ab_wheel_equivalent_230,Barbell Rollout (Ab Wheel Equivalent),Leg Raise / Hollow / Rollout / L-Sit (anti-extension & hip flexors),Lumbar Flexion,lumbar_flex,beginner,35,UNSOURCED,unsourced,grey,UNSOURCED,
bodybuilding,bb_core_belt_squat_machine_hip_flexion_standing_229,Belt Squat / Machine Hip Flexion (Standing),Leg Raise / Hollow / Rollout / L-Sit (anti-extension & hip flexors),Hip Flexion,hip_flex,advanced,120,UNSOURCED,unsourced,grey,UNSOURCED,
bodybuilding,bb_core_belt_squat_machine_hip_flexion_standing_229,Belt Squat / Machine Hip Flexion (Standing),Leg Raise / Hollow / Rollout / L-Sit (anti-extension & hip flexors),Lumbar Extension,lumbar_ext,advanced,22,UNSOURCED,unsourced,grey,UNSOURCED,
bodybuilding,bb_core_belt_squat_machine_hip_flexion_standing_229,Belt Squat / Machine Hip Flexion (Standing),Leg Raise / Hollow / Rollout / L-Sit (anti-extension & hip flexors),Lumbar Flexion,lumbar_flex,advanced,55,UNSOURCED,unsourced,grey,UNSOURCED,
bodybuilding,bb_core_bicycle_crunch_241,Bicycle Crunch,Crunch / Sit-Up (spinal flexion),Hip Flexion,hip_flex,beginner,85,UNSOURCED,unsourced,grey,UNSOURCED,
bodybuilding,bb_core_bicycle_crunch_241,Bicycle Crunch,Crunch / Sit-Up (spinal flexion),Lumbar Extension,lumbar_ext,beginner,15,UNSOURCED,unsourced,grey,UNSOURCED,
bodybuilding,bb_core_bicycle_crunch_241,Bicycle Crunch,Crunch / Sit-Up (spinal flexion),Lumbar Flexion,lumbar_flex,beginner,35,UNSOURCED,unsourced,grey,UNSOURCED,
bodybuilding,bb_core_cable_crunch_kneeling_rope_217,"Cable Crunch (Kneeling, Rope)",Crunch / Sit-Up (spinal flexion),Hip Flexion,hip_flex,intermediate,105,UNSOURCED,unsourced,grey,UNSOURCED,
bodybuilding,bb_core_cable_crunch_kneeling_rope_217,"Cable Crunch (Kneeling, Rope)",Crunch / Sit-Up (spinal flexion),Lumbar Extension,lumbar_ext,intermediate,18,UNSOURCED,unsourced,grey,UNSOURCED,
bodybuilding,bb_core_cable_crunch_kneeling_rope_217,"Cable Crunch (Kneeling, Rope)",Crunch / Sit-Up (spinal flexion),Lumbar Flexion,lumbar_flex,intermediate,45,UNSOURCED,unsourced,grey,UNSOURCED,
bodybuilding,bb_core_cable_crunch_seated_bench_218,"Cable Crunch (Seated, Bench)",Crunch / Sit-Up (spinal flexion),Hip Flexion,hip_flex,intermediate,105,UNSOURCED,unsourced,grey,UNSOURCED,
bodybuilding,bb_core_cable_crunch_seated_bench_218,"Cable Crunch (Seated, Bench)",Crunch / Sit-Up (spinal flexion),Lumbar Extension,lumbar_ext,intermediate,18,UNSOURCED,unsourced,grey,UNSOURCED,
bodybuilding,bb_core_cable_crunch_seated_bench_218,"Cable Crunch (Seated, Bench)",Crunch / Sit-Up (spinal flexion),Lumbar Flexion,lumbar_flex,intermediate,45,UNSOURCED,unsourced,grey,UNSOURCED,
bodybuilding,bb_core_cable_hip_flexion_lying_ankle_attachment_224,"Cable Hip Flexion (Lying, Ankle Attachment)",Leg Raise / Hollow / Rollout / L-Sit (anti-extension & hip flexors),Hip Flexion,hip_flex,intermediate,105,UNSOURCED,unsourced,grey,UNSOURCED,
bodybuilding,bb_core_cable_hip_flexion_lying_ankle_attachment_224,"Cable Hip Flexion (Lying, Ankle Attachment)",Leg Raise / Hollow / Rollout / L-Sit (anti-extension & hip flexors),Lumbar Extension,lumbar_ext,intermediate,18,UNSOURCED,unsourced,grey,UNSOURCED,
bodybuilding,bb_core_cable_hip_flexion_lying_ankle_attachment_224,"Cable Hip Flexion (Lying, Ankle Attachment)",Leg Raise / Hollow / Rollout / L-Sit (anti-extension & hip flexors),Lumbar Flexion,lumbar_flex,intermediate,45,UNSOURCED,unsourced,grey,UNSOURCED,
bodybuilding,bb_core_cable_pallof_press_222,Cable Pallof Press,"Core Rotation / Anti-Rotation / Side Bend (woodchop, Pallof, twist)",Hip Flexion,hip_flex,advanced,120,UNSOURCED,unsourced,grey,UNSOURCED,
bodybuilding,bb_core_cable_pallof_press_222,Cable Pallof Press,"Core Rotation / Anti-Rotation / Side Bend (woodchop, Pallof, twist)",Lumbar Extension,lumbar_ext,advanced,22,UNSOURCED,unsourced,grey,UNSOURCED,
bodybuilding,bb_core_cable_pallof_press_222,Cable Pallof Press,"Core Rotation / Anti-Rotation / Side Bend (woodchop, Pallof, twist)",Lumbar Flexion,lumbar_flex,advanced,55,UNSOURCED,unsourced,grey,UNSOURCED,
bodybuilding,bb_core_cable_woodchop_high_to_low_220,Cable Woodchop (High-to-Low),"Core Rotation / Anti-Rotation / Side Bend (woodchop, Pallof, twist)",Hip Flexion,hip_flex,intermediate,105,UNSOURCED,unsourced,grey,UNSOURCED,
bodybuilding,bb_core_cable_woodchop_high_to_low_220,Cable Woodchop (High-to-Low),"Core Rotation / Anti-Rotation / Side Bend (woodchop, Pallof, twist)",Lumbar Extension,lumbar_ext,intermediate,18,UNSOURCED,unsourced,grey,UNSOURCED,
bodybuilding,bb_core_cable_woodchop_high_to_low_220,Cable Woodchop (High-to-Low),"Core Rotation / Anti-Rotation / Side Bend (woodchop, Pallof, twist)",Lumbar Flexion,lumbar_flex,intermediate,45,UNSOURCED,unsourced,grey,UNSOURCED,
bodybuilding,bb_core_cable_woodchop_low_to_high_221,Cable Woodchop (Low-to-High),"Core Rotation / Anti-Rotation / Side Bend (woodchop, Pallof, twist)",Hip Flexion,hip_flex,intermediate,105,UNSOURCED,unsourced,grey,UNSOURCED,
bodybuilding,bb_core_cable_woodchop_low_to_high_221,Cable Woodchop (Low-to-High),"Core Rotation / Anti-Rotation / Side Bend (woodchop, Pallof, twist)",Lumbar Extension,lumbar_ext,intermediate,18,UNSOURCED,unsourced,grey,UNSOURCED,
bodybuilding,bb_core_cable_woodchop_low_to_high_221,Cable Woodchop (Low-to-High),"Core Rotation / Anti-Rotation / Side Bend (woodchop, Pallof, twist)",Lumbar Flexion,lumbar_flex,intermediate,45,UNSOURCED,unsourced,grey,UNSOURCED,
bodybuilding,bb_core_captain_s_chair_leg_raise_227,Captain's Chair Leg Raise,Leg Raise / Hollow / Rollout / L-Sit (anti-extension & hip flexors),Hip Flexion,hip_flex,beginner,85,PARTIAL/NOT COMPARABLE,,keep,Pelvic rotation = 13.1-35.5% of observed hip flexion in hanging leg raise; hip angle itself not reported (Dewberry 2003),P39
bodybuilding,bb_core_captain_s_chair_leg_raise_227,Captain's Chair Leg Raise,Leg Raise / Hollow / Rollout / L-Sit (anti-extension & hip flexors),Lumbar Extension,lumbar_ext,beginner,15,UNSOURCED,unsourced,grey,UNSOURCED,
bodybuilding,bb_core_captain_s_chair_leg_raise_227,Captain's Chair Leg Raise,Leg Raise / Hollow / Rollout / L-Sit (anti-extension & hip flexors),Lumbar Flexion,lumbar_flex,beginner,35,UNSOURCED,unsourced,grey,UNSOURCED,
bodybuilding,bb_core_decline_bench_ab_machine_decline_sit_up_226,Decline Bench Ab Machine / Decline Sit-Up,Crunch / Sit-Up (spinal flexion),Hip Flexion,hip_flex,beginner,85,UNSOURCED,unsourced,grey,UNSOURCED,
bodybuilding,bb_core_decline_bench_ab_machine_decline_sit_up_226,Decline Bench Ab Machine / Decline Sit-Up,Crunch / Sit-Up (spinal flexion),Lumbar Extension,lumbar_ext,beginner,15,UNSOURCED,unsourced,grey,UNSOURCED,
bodybuilding,bb_core_decline_bench_ab_machine_decline_sit_up_226,Decline Bench Ab Machine / Decline Sit-Up,Crunch / Sit-Up (spinal flexion),Lumbar Flexion,lumbar_flex,beginner,35,UNSOURCED,unsourced,grey,UNSOURCED,
bodybuilding,bb_core_dragon_flag_243,Dragon Flag,Leg Raise / Hollow / Rollout / L-Sit (anti-extension & hip flexors),Hip Flexion,hip_flex,intermediate,105,UNSOURCED,unsourced,grey,UNSOURCED,
bodybuilding,bb_core_dragon_flag_243,Dragon Flag,Leg Raise / Hollow / Rollout / L-Sit (anti-extension & hip flexors),Lumbar Extension,lumbar_ext,intermediate,18,UNSOURCED,unsourced,grey,UNSOURCED,
bodybuilding,bb_core_dragon_flag_243,Dragon Flag,Leg Raise / Hollow / Rollout / L-Sit (anti-extension & hip flexors),Lumbar Flexion,lumbar_flex,intermediate,45,UNSOURCED,unsourced,grey,UNSOURCED,
bodybuilding,bb_core_dumbbell_rollout_db_on_floor_236,Dumbbell Rollout (DB on Floor),Leg Raise / Hollow / Rollout / L-Sit (anti-extension & hip flexors),Hip Flexion,hip_flex,intermediate,105,UNSOURCED,unsourced,grey,UNSOURCED,
bodybuilding,bb_core_dumbbell_rollout_db_on_floor_236,Dumbbell Rollout (DB on Floor),Leg Raise / Hollow / Rollout / L-Sit (anti-extension & hip flexors),Lumbar Extension,lumbar_ext,intermediate,18,UNSOURCED,unsourced,grey,UNSOURCED,
bodybuilding,bb_core_dumbbell_rollout_db_on_floor_236,Dumbbell Rollout (DB on Floor),Leg Raise / Hollow / Rollout / L-Sit (anti-extension & hip flexors),Lumbar Flexion,lumbar_flex,intermediate,45,UNSOURCED,unsourced,grey,UNSOURCED,
bodybuilding,bb_core_dumbbell_russian_twist_weighted_235,Dumbbell Russian Twist (Weighted),"Core Rotation / Anti-Rotation / Side Bend (woodchop, Pallof, twist)",Hip Flexion,hip_flex,advanced,120,UNSOURCED,unsourced,grey,UNSOURCED,
bodybuilding,bb_core_dumbbell_russian_twist_weighted_235,Dumbbell Russian Twist (Weighted),"Core Rotation / Anti-Rotation / Side Bend (woodchop, Pallof, twist)",Lumbar Extension,lumbar_ext,advanced,22,UNSOURCED,unsourced,grey,UNSOURCED,
bodybuilding,bb_core_dumbbell_russian_twist_weighted_235,Dumbbell Russian Twist (Weighted),"Core Rotation / Anti-Rotation / Side Bend (woodchop, Pallof, twist)",Lumbar Flexion,lumbar_flex,advanced,55,UNSOURCED,unsourced,grey,UNSOURCED,
bodybuilding,bb_core_dumbbell_side_bend_234,Dumbbell Side Bend,"Core Rotation / Anti-Rotation / Side Bend (woodchop, Pallof, twist)",Hip Flexion,hip_flex,advanced,120,UNSOURCED,unsourced,grey,UNSOURCED,
bodybuilding,bb_core_dumbbell_side_bend_234,Dumbbell Side Bend,"Core Rotation / Anti-Rotation / Side Bend (woodchop, Pallof, twist)",Lumbar Extension,lumbar_ext,advanced,22,UNSOURCED,unsourced,grey,UNSOURCED,
bodybuilding,bb_core_dumbbell_side_bend_234,Dumbbell Side Bend,"Core Rotation / Anti-Rotation / Side Bend (woodchop, Pallof, twist)",Lumbar Flexion,lumbar_flex,advanced,55,UNSOURCED,unsourced,grey,UNSOURCED,
bodybuilding,bb_core_dumbbell_woodchop_single_db_both_hands_237,"Dumbbell Woodchop (Single DB, Both Hands)","Core Rotation / Anti-Rotation / Side Bend (woodchop, Pallof, twist)",Hip Flexion,hip_flex,advanced,120,UNSOURCED,unsourced,grey,UNSOURCED,
bodybuilding,bb_core_dumbbell_woodchop_single_db_both_hands_237,"Dumbbell Woodchop (Single DB, Both Hands)","Core Rotation / Anti-Rotation / Side Bend (woodchop, Pallof, twist)",Lumbar Extension,lumbar_ext,advanced,22,UNSOURCED,unsourced,grey,UNSOURCED,
bodybuilding,bb_core_dumbbell_woodchop_single_db_both_hands_237,"Dumbbell Woodchop (Single DB, Both Hands)","Core Rotation / Anti-Rotation / Side Bend (woodchop, Pallof, twist)",Lumbar Flexion,lumbar_flex,advanced,55,UNSOURCED,unsourced,grey,UNSOURCED,
bodybuilding,bb_core_good_morning_spinal_flexion_variation_light_load_232,Good Morning (Spinal Flexion Variation - Light Load),"Good Morning / Back Extension / Pull-Through (hip-extension, lumbar-loaded)",Hip Flexion,hip_flex,beginner,85,PARTIAL/NOT COMPARABLE,,keep,Hip flexion 75.0-75.8 deg at depth of good morning across 50-90% 1RM (Vigotsky 2015),P24
bodybuilding,bb_core_good_morning_spinal_flexion_variation_light_load_232,Good Morning (Spinal Flexion Variation - Light Load),"Good Morning / Back Extension / Pull-Through (hip-extension, lumbar-loaded)",Lumbar Extension,lumbar_ext,beginner,15,UNSOURCED,unsourced,grey,UNSOURCED,
bodybuilding,bb_core_good_morning_spinal_flexion_variation_light_load_232,Good Morning (Spinal Flexion Variation - Light Load),"Good Morning / Back Extension / Pull-Through (hip-extension, lumbar-loaded)",Lumbar Flexion,lumbar_flex,beginner,35,PARTIAL/NOT COMPARABLE,,keep,Published good-morning lumbar flexion 25-27.5 deg is for the standard neutral-spine good morning (Vigotsky 2015); the app exercise is a deliberate spinal-flexion variation,P24
bodybuilding,bb_core_hanging_knee_raise_239,Hanging Knee Raise,Leg Raise / Hollow / Rollout / L-Sit (anti-extension & hip flexors),Hip Flexion,hip_flex,beginner,85,PARTIAL/NOT COMPARABLE,,keep,Pelvic rotation = 13.1-35.5% of observed hip flexion in hanging leg raise; hip angle itself not reported (Dewberry 2003),P39
bodybuilding,bb_core_hanging_knee_raise_239,Hanging Knee Raise,Leg Raise / Hollow / Rollout / L-Sit (anti-extension & hip flexors),Lumbar Extension,lumbar_ext,beginner,15,UNSOURCED,unsourced,grey,UNSOURCED,
bodybuilding,bb_core_hanging_knee_raise_239,Hanging Knee Raise,Leg Raise / Hollow / Rollout / L-Sit (anti-extension & hip flexors),Lumbar Flexion,lumbar_flex,beginner,35,UNSOURCED,unsourced,grey,UNSOURCED,
bodybuilding,bb_core_hanging_leg_raise_straight_leg_238,Hanging Leg Raise (Straight Leg),Leg Raise / Hollow / Rollout / L-Sit (anti-extension & hip flexors),Hip Flexion,hip_flex,intermediate,105,PARTIAL/NOT COMPARABLE,,keep,Pelvic rotation = 13.1-35.5% of observed hip flexion in hanging leg raise; hip angle itself not reported (Dewberry 2003),P39
bodybuilding,bb_core_hanging_leg_raise_straight_leg_238,Hanging Leg Raise (Straight Leg),Leg Raise / Hollow / Rollout / L-Sit (anti-extension & hip flexors),Lumbar Extension,lumbar_ext,intermediate,18,UNSOURCED,unsourced,grey,UNSOURCED,
bodybuilding,bb_core_hanging_leg_raise_straight_leg_238,Hanging Leg Raise (Straight Leg),Leg Raise / Hollow / Rollout / L-Sit (anti-extension & hip flexors),Lumbar Flexion,lumbar_flex,intermediate,45,UNSOURCED,unsourced,grey,UNSOURCED,
bodybuilding,bb_core_hollow_body_hold_rock_244,Hollow Body Hold / Rock,Leg Raise / Hollow / Rollout / L-Sit (anti-extension & hip flexors),Hip Flexion,hip_flex,advanced,120,UNSOURCED,unsourced,grey,UNSOURCED,
bodybuilding,bb_core_hollow_body_hold_rock_244,Hollow Body Hold / Rock,Leg Raise / Hollow / Rollout / L-Sit (anti-extension & hip flexors),Lumbar Extension,lumbar_ext,advanced,22,UNSOURCED,unsourced,grey,UNSOURCED,
bodybuilding,bb_core_hollow_body_hold_rock_244,Hollow Body Hold / Rock,Leg Raise / Hollow / Rollout / L-Sit (anti-extension & hip flexors),Lumbar Flexion,lumbar_flex,advanced,55,UNSOURCED,unsourced,grey,UNSOURCED,
bodybuilding,bb_core_l_sit_parallel_bars_floor_245,L-Sit (Parallel Bars / Floor),Leg Raise / Hollow / Rollout / L-Sit (anti-extension & hip flexors),Hip Flexion,hip_flex,advanced,120,UNSOURCED,unsourced,grey,UNSOURCED,
bodybuilding,bb_core_l_sit_parallel_bars_floor_245,L-Sit (Parallel Bars / Floor),Leg Raise / Hollow / Rollout / L-Sit (anti-extension & hip flexors),Lumbar Extension,lumbar_ext,advanced,22,UNSOURCED,unsourced,grey,UNSOURCED,
bodybuilding,bb_core_l_sit_parallel_bars_floor_245,L-Sit (Parallel Bars / Floor),Leg Raise / Hollow / Rollout / L-Sit (anti-extension & hip flexors),Lumbar Flexion,lumbar_flex,advanced,55,UNSOURCED,unsourced,grey,UNSOURCED,
bodybuilding,bb_core_oblique_cable_crunch_kneeling_219,Oblique Cable Crunch (Kneeling),Crunch / Sit-Up (spinal flexion),Hip Flexion,hip_flex,intermediate,105,UNSOURCED,unsourced,grey,UNSOURCED,
bodybuilding,bb_core_oblique_cable_crunch_kneeling_219,Oblique Cable Crunch (Kneeling),Crunch / Sit-Up (spinal flexion),Lumbar Extension,lumbar_ext,intermediate,18,UNSOURCED,unsourced,grey,UNSOURCED,
bodybuilding,bb_core_oblique_cable_crunch_kneeling_219,Oblique Cable Crunch (Kneeling),Crunch / Sit-Up (spinal flexion),Lumbar Flexion,lumbar_flex,intermediate,45,UNSOURCED,unsourced,grey,UNSOURCED,
bodybuilding,bb_core_roman_chair_sit_up_hyperextension_bench_228,Roman Chair Sit-Up (Hyperextension Bench),Crunch / Sit-Up (spinal flexion),Hip Flexion,hip_flex,beginner,85,UNSOURCED,unsourced,grey,UNSOURCED,
bodybuilding,bb_core_roman_chair_sit_up_hyperextension_bench_228,Roman Chair Sit-Up (Hyperextension Bench),Crunch / Sit-Up (spinal flexion),Lumbar Extension,lumbar_ext,beginner,15,UNSOURCED,unsourced,grey,UNSOURCED,
bodybuilding,bb_core_roman_chair_sit_up_hyperextension_bench_228,Roman Chair Sit-Up (Hyperextension Bench),Crunch / Sit-Up (spinal flexion),Lumbar Flexion,lumbar_flex,beginner,35,UNSOURCED,unsourced,grey,UNSOURCED,
bodybuilding,bb_core_standing_cable_crunch_rope_bent_over_223,"Standing Cable Crunch (Rope, Bent Over)",Crunch / Sit-Up (spinal flexion),Hip Flexion,hip_flex,intermediate,105,UNSOURCED,unsourced,grey,UNSOURCED,
bodybuilding,bb_core_standing_cable_crunch_rope_bent_over_223,"Standing Cable Crunch (Rope, Bent Over)",Crunch / Sit-Up (spinal flexion),Lumbar Extension,lumbar_ext,intermediate,18,UNSOURCED,unsourced,grey,UNSOURCED,
bodybuilding,bb_core_standing_cable_crunch_rope_bent_over_223,"Standing Cable Crunch (Rope, Bent Over)",Crunch / Sit-Up (spinal flexion),Lumbar Flexion,lumbar_flex,intermediate,45,UNSOURCED,unsourced,grey,UNSOURCED,
bodybuilding,bb_core_v_up_242,V-Up,Crunch / Sit-Up (spinal flexion),Hip Flexion,hip_flex,beginner,85,UNSOURCED,unsourced,grey,UNSOURCED,
bodybuilding,bb_core_v_up_242,V-Up,Crunch / Sit-Up (spinal flexion),Lumbar Extension,lumbar_ext,beginner,15,UNSOURCED,unsourced,grey,UNSOURCED,
bodybuilding,bb_core_v_up_242,V-Up,Crunch / Sit-Up (spinal flexion),Lumbar Flexion,lumbar_flex,beginner,35,UNSOURCED,unsourced,grey,UNSOURCED,
bodybuilding,bb_core_weighted_crunch_db_or_plate_on_chest_233,Weighted Crunch (DB or Plate on Chest),Crunch / Sit-Up (spinal flexion),Hip Flexion,hip_flex,advanced,120,UNSOURCED,unsourced,grey,UNSOURCED,
bodybuilding,bb_core_weighted_crunch_db_or_plate_on_chest_233,Weighted Crunch (DB or Plate on Chest),Crunch / Sit-Up (spinal flexion),Lumbar Extension,lumbar_ext,advanced,22,UNSOURCED,unsourced,grey,UNSOURCED,
bodybuilding,bb_core_weighted_crunch_db_or_plate_on_chest_233,Weighted Crunch (DB or Plate on Chest),Crunch / Sit-Up (spinal flexion),Lumbar Flexion,lumbar_flex,advanced,55,UNSOURCED,unsourced,grey,UNSOURCED,
bodybuilding,bb_core_weighted_decline_sit_up_barbell_plate_231,Weighted Decline Sit-Up (Barbell / Plate),Crunch / Sit-Up (spinal flexion),Hip Flexion,hip_flex,beginner,85,UNSOURCED,unsourced,grey,UNSOURCED,
bodybuilding,bb_core_weighted_decline_sit_up_barbell_plate_231,Weighted Decline Sit-Up (Barbell / Plate),Crunch / Sit-Up (spinal flexion),Lumbar Extension,lumbar_ext,beginner,15,UNSOURCED,unsourced,grey,UNSOURCED,
bodybuilding,bb_core_weighted_decline_sit_up_barbell_plate_231,Weighted Decline Sit-Up (Barbell / Plate),Crunch / Sit-Up (spinal flexion),Lumbar Flexion,lumbar_flex,beginner,35,UNSOURCED,unsourced,grey,UNSOURCED,
bodybuilding,bb_hamstrings_glutes_45_back_extension_glute_hamstring_bias_155,45 deg Back Extension (Glute/Hamstring Bias),"Good Morning / Back Extension / Pull-Through (hip-extension, lumbar-loaded)",Hip Flexion,hip_flex,beginner,80,PARTIAL/NOT COMPARABLE,,keep,Hip RoM 36.3±7.9 (dynamic-hip) / 15.5±11.7 deg (dynamic-spine) on a 45 deg back-extension bench; RoM not absolute angle (Schellenberg 2017),P43
bodybuilding,bb_hamstrings_glutes_45_back_extension_glute_hamstring_bias_155,45 deg Back Extension (Glute/Hamstring Bias),"Good Morning / Back Extension / Pull-Through (hip-extension, lumbar-loaded)",Lumbar Flexion,lumbar_flex,beginner,30,SUPPORTS,,keep,Lumbar flexion 31.1 deg during hyperextension (Lawrence 2019; abstract does not state bench angle),P44
bodybuilding,bb_hamstrings_glutes_barbell_back_squat_glute_focus_138,Barbell Back Squat (Glute Focus),"Back Squat (high-bar, low-bar, Smith, glute-focus)",Hip Flexion,hip_flex,beginner,80,SUPPORTS,,keep,Hip flexion at lowest position 95-100 deg (Lorenzetti 2012); 104.3±4.9 (traditional) to 112.6±5.8 deg (powerlifting stance) at start of concentric (Swinton 2012),P05; P08
bodybuilding,bb_hamstrings_glutes_barbell_back_squat_glute_focus_138,Barbell Back Squat (Glute Focus),"Back Squat (high-bar, low-bar, Smith, glute-focus)",Lumbar Flexion,lumbar_flex,beginner,30,PARTIAL/NOT COMPARABLE,,keep,"Trunk flexion at parallel 35.9±6.0 (descending) / 37.9±6.4 deg (ascending), back squat 70% front-squat 1RM (Gorsic 2020); 34.7±11.5 deg bodyweight parallel squat (Kasahara 2024). Trunk lean, NOT segmental lumbar",P10; P03
bodybuilding,bb_hamstrings_glutes_barbell_good_morning_136,Barbell Good Morning,"Good Morning / Back Extension / Pull-Through (hip-extension, lumbar-loaded)",Hip Flexion,hip_flex,intermediate,100,CONTRADICTS,contradicted,grey,Hip flexion 75.0-75.8 deg at depth of good morning across 50-90% 1RM (Vigotsky 2015),P24
bodybuilding,bb_hamstrings_glutes_barbell_good_morning_136,Barbell Good Morning,"Good Morning / Back Extension / Pull-Through (hip-extension, lumbar-loaded)",Lumbar Flexion,lumbar_flex,intermediate,40,PARTIAL/NOT COMPARABLE,,keep,Lumbar flexion 27.5 deg (50% 1RM) to 25.0 deg (90% 1RM) at depth of good morning (Vigotsky 2015),P24
bodybuilding,bb_hamstrings_glutes_barbell_hip_thrust_137,Barbell Hip Thrust,"Hip Thrust / Glute Bridge / Glute Isolation (kickback, abduction)",Hip Flexion,hip_flex,advanced,115,CONTRADICTS,contradicted,grey,"Hip flexion 83±16 deg at peak hip moment, hip ROM 75±19 deg, barbell hip thrust 70% 1RM (Brazil 2021)",P25
bodybuilding,bb_hamstrings_glutes_barbell_hip_thrust_137,Barbell Hip Thrust,"Hip Thrust / Glute Bridge / Glute Isolation (kickback, abduction)",Lumbar Flexion,lumbar_flex,advanced,50,PARTIAL/NOT COMPARABLE,,keep,Pelvic-trunk ROM 12±21 deg during barbell hip thrust (Brazil 2021); not lumbar flexion,P25
bodybuilding,bb_hamstrings_glutes_bodyweight_bulgarian_split_squat_161,Bodyweight Bulgarian Split Squat,Lunge / Split Squat / Step-Up (unilateral),Hip Flexion,hip_flex,advanced,115,PARTIAL/NOT COMPARABLE,,keep,"Hip flexion, front leg, 97.9±8.2 to 101.9±10.0 deg across step lengths (Song 2023)",P13
bodybuilding,bb_hamstrings_glutes_bodyweight_bulgarian_split_squat_161,Bodyweight Bulgarian Split Squat,Lunge / Split Squat / Step-Up (unilateral),Lumbar Flexion,lumbar_flex,advanced,50,UNSOURCED,unsourced,grey,UNSOURCED,
bodybuilding,bb_hamstrings_glutes_cable_hip_abduction_glute_med_148,Cable Hip Abduction (Glute Med),"Hip Thrust / Glute Bridge / Glute Isolation (kickback, abduction)",Hip Flexion,hip_flex,advanced,115,UNSOURCED,unsourced,grey,UNSOURCED,
bodybuilding,bb_hamstrings_glutes_cable_hip_abduction_glute_med_148,Cable Hip Abduction (Glute Med),"Hip Thrust / Glute Bridge / Glute Isolation (kickback, abduction)",Lumbar Flexion,lumbar_flex,advanced,50,UNSOURCED,unsourced,grey,UNSOURCED,
bodybuilding,bb_hamstrings_glutes_cable_kickback_hip_extension_146,Cable Kickback (Hip Extension),"Hip Thrust / Glute Bridge / Glute Isolation (kickback, abduction)",Hip Flexion,hip_flex,intermediate,100,UNSOURCED,unsourced,grey,UNSOURCED,
bodybuilding,bb_hamstrings_glutes_cable_kickback_hip_extension_146,Cable Kickback (Hip Extension),"Hip Thrust / Glute Bridge / Glute Isolation (kickback, abduction)",Lumbar Flexion,lumbar_flex,intermediate,40,UNSOURCED,unsourced,grey,UNSOURCED,
bodybuilding,bb_hamstrings_glutes_cable_pull_through_hip_hinge_147,Cable Pull-Through (Hip Hinge),"Good Morning / Back Extension / Pull-Through (hip-extension, lumbar-loaded)",Hip Flexion,hip_flex,advanced,115,UNSOURCED,unsourced,grey,UNSOURCED,
bodybuilding,bb_hamstrings_glutes_cable_pull_through_hip_hinge_147,Cable Pull-Through (Hip Hinge),"Good Morning / Back Extension / Pull-Through (hip-extension, lumbar-loaded)",Lumbar Flexion,lumbar_flex,advanced,50,UNSOURCED,unsourced,grey,UNSOURCED,
bodybuilding,bb_hamstrings_glutes_cable_rdl_low_pulley_149,Cable RDL (Low Pulley),Deadlift / Romanian & Stiff-Leg Deadlift (hinge),Hip Flexion,hip_flex,intermediate,100,UNSOURCED,unsourced,grey,UNSOURCED,
bodybuilding,bb_hamstrings_glutes_cable_rdl_low_pulley_149,Cable RDL (Low Pulley),Deadlift / Romanian & Stiff-Leg Deadlift (hinge),Lumbar Flexion,lumbar_flex,intermediate,40,UNSOURCED,unsourced,grey,UNSOURCED,
bodybuilding,bb_hamstrings_glutes_cable_standing_hip_extension_glute_focused_150,Cable Standing Hip Extension (Glute Focused),"Hip Thrust / Glute Bridge / Glute Isolation (kickback, abduction)",Hip Flexion,hip_flex,intermediate,100,UNSOURCED,unsourced,grey,UNSOURCED,
bodybuilding,bb_hamstrings_glutes_cable_standing_hip_extension_glute_focused_150,Cable Standing Hip Extension (Glute Focused),"Hip Thrust / Glute Bridge / Glute Isolation (kickback, abduction)",Lumbar Flexion,lumbar_flex,intermediate,40,UNSOURCED,unsourced,grey,UNSOURCED,
bodybuilding,bb_hamstrings_glutes_donkey_kick_hip_extension_162,Donkey Kick (Hip Extension),"Hip Thrust / Glute Bridge / Glute Isolation (kickback, abduction)",Hip Flexion,hip_flex,advanced,115,UNSOURCED,unsourced,grey,UNSOURCED,
bodybuilding,bb_hamstrings_glutes_donkey_kick_hip_extension_162,Donkey Kick (Hip Extension),"Hip Thrust / Glute Bridge / Glute Isolation (kickback, abduction)",Lumbar Flexion,lumbar_flex,advanced,50,UNSOURCED,unsourced,grey,UNSOURCED,
bodybuilding,bb_hamstrings_glutes_dumbbell_bulgarian_split_squat_glute_focus_143,Dumbbell Bulgarian Split Squat (Glute Focus),Lunge / Split Squat / Step-Up (unilateral),Hip Flexion,hip_flex,beginner,80,SUPPORTS,,keep,"Hip flexion, front leg, 97.9±8.2 to 101.9±10.0 deg across step lengths (Song 2023)",P13
bodybuilding,bb_hamstrings_glutes_dumbbell_bulgarian_split_squat_glute_focus_143,Dumbbell Bulgarian Split Squat (Glute Focus),Lunge / Split Squat / Step-Up (unilateral),Lumbar Flexion,lumbar_flex,beginner,30,UNSOURCED,unsourced,grey,UNSOURCED,
bodybuilding,bb_hamstrings_glutes_dumbbell_hip_thrust_single_leg_or_bilateral_142,Dumbbell Hip Thrust (Single-Leg or Bilateral),"Hip Thrust / Glute Bridge / Glute Isolation (kickback, abduction)",Hip Flexion,hip_flex,intermediate,100,UNSOURCED,unsourced,grey,UNSOURCED,
bodybuilding,bb_hamstrings_glutes_dumbbell_hip_thrust_single_leg_or_bilateral_142,Dumbbell Hip Thrust (Single-Leg or Bilateral),"Hip Thrust / Glute Bridge / Glute Isolation (kickback, abduction)",Lumbar Flexion,lumbar_flex,intermediate,40,UNSOURCED,unsourced,grey,UNSOURCED,
bodybuilding,bb_hamstrings_glutes_dumbbell_rdl_romanian_deadlift_140,Dumbbell RDL (Romanian Deadlift),Deadlift / Romanian & Stiff-Leg Deadlift (hinge),Hip Flexion,hip_flex,intermediate,100,CONTRADICTS,contradicted,grey,Hip flexion 79.97±15.85 deg at bottom of Romanian deadlift (Lee 2018),P19
bodybuilding,bb_hamstrings_glutes_dumbbell_rdl_romanian_deadlift_140,Dumbbell RDL (Romanian Deadlift),Deadlift / Romanian & Stiff-Leg Deadlift (hinge),Lumbar Flexion,lumbar_flex,intermediate,40,UNSOURCED,unsourced,grey,UNSOURCED,
bodybuilding,bb_hamstrings_glutes_dumbbell_single_leg_rdl_141,Dumbbell Single-Leg RDL,Deadlift / Romanian & Stiff-Leg Deadlift (hinge),Hip Flexion,hip_flex,intermediate,100,UNSOURCED,unsourced,grey,UNSOURCED,
bodybuilding,bb_hamstrings_glutes_dumbbell_single_leg_rdl_141,Dumbbell Single-Leg RDL,Deadlift / Romanian & Stiff-Leg Deadlift (hinge),Lumbar Flexion,lumbar_flex,intermediate,40,UNSOURCED,unsourced,grey,UNSOURCED,
bodybuilding,bb_hamstrings_glutes_dumbbell_step_up_glute_focus_145,Dumbbell Step-Up (Glute Focus),Lunge / Split Squat / Step-Up (unilateral),Hip Flexion,hip_flex,intermediate,100,UNSOURCED,unsourced,grey,UNSOURCED,
bodybuilding,bb_hamstrings_glutes_dumbbell_step_up_glute_focus_145,Dumbbell Step-Up (Glute Focus),Lunge / Split Squat / Step-Up (unilateral),Lumbar Flexion,lumbar_flex,intermediate,40,UNSOURCED,unsourced,grey,UNSOURCED,
bodybuilding,bb_hamstrings_glutes_dumbbell_walking_lunge_144,Dumbbell Walking Lunge,Lunge / Split Squat / Step-Up (unilateral),Hip Flexion,hip_flex,beginner,80,SUPPORTS,,keep,"Hip flexion 93.16±7.36 (forward lunge) and 99.25±6.67 deg (reverse lunge), bodyweight (Comfort 2015)",P12
bodybuilding,bb_hamstrings_glutes_dumbbell_walking_lunge_144,Dumbbell Walking Lunge,Lunge / Split Squat / Step-Up (unilateral),Lumbar Flexion,lumbar_flex,beginner,30,UNSOURCED,unsourced,grey,UNSOURCED,
bodybuilding,bb_hamstrings_glutes_ghd_hamstring_curl_glute_ham_raise_157,GHD Hamstring Curl (Glute-Ham Raise),"Knee Isolation (leg extension, sissy squat, leg curl, Nordic, GHR)",Hip Flexion,hip_flex,beginner,80,PARTIAL/NOT COMPARABLE,,keep,Hip held at 0 deg (prescribed) in glute-ham raise (McAllister 2014; abstract does not give the angle),P45
bodybuilding,bb_hamstrings_glutes_ghd_hamstring_curl_glute_ham_raise_157,GHD Hamstring Curl (Glute-Ham Raise),"Knee Isolation (leg extension, sissy squat, leg curl, Nordic, GHR)",Lumbar Flexion,lumbar_flex,beginner,30,UNSOURCED,unsourced,grey,UNSOURCED,
bodybuilding,bb_hamstrings_glutes_ghd_hip_extension_glute_ham_developer_156,GHD Hip Extension (Glute-Ham Developer),"Good Morning / Back Extension / Pull-Through (hip-extension, lumbar-loaded)",Hip Flexion,hip_flex,beginner,80,PARTIAL/NOT COMPARABLE,,keep,Hip RoM 36.3±7.9 (dynamic-hip) / 15.5±11.7 deg (dynamic-spine) on a 45 deg back-extension bench; RoM not absolute angle (Schellenberg 2017),P43
bodybuilding,bb_hamstrings_glutes_ghd_hip_extension_glute_ham_developer_156,GHD Hip Extension (Glute-Ham Developer),"Good Morning / Back Extension / Pull-Through (hip-extension, lumbar-loaded)",Lumbar Flexion,lumbar_flex,beginner,30,UNSOURCED,unsourced,grey,UNSOURCED,
bodybuilding,bb_hamstrings_glutes_glute_bridge_bodyweight_160,Glute Bridge (Bodyweight),"Hip Thrust / Glute Bridge / Glute Isolation (kickback, abduction)",Hip Flexion,hip_flex,advanced,115,UNSOURCED,unsourced,grey,UNSOURCED,
bodybuilding,bb_hamstrings_glutes_glute_bridge_bodyweight_160,Glute Bridge (Bodyweight),"Hip Thrust / Glute Bridge / Glute Isolation (kickback, abduction)",Lumbar Flexion,lumbar_flex,advanced,50,UNSOURCED,unsourced,grey,UNSOURCED,
bodybuilding,bb_hamstrings_glutes_machine_hip_abduction_154,Machine Hip Abduction,"Hip Thrust / Glute Bridge / Glute Isolation (kickback, abduction)",Hip Flexion,hip_flex,beginner,80,UNSOURCED,unsourced,grey,UNSOURCED,
bodybuilding,bb_hamstrings_glutes_machine_hip_abduction_154,Machine Hip Abduction,"Hip Thrust / Glute Bridge / Glute Isolation (kickback, abduction)",Lumbar Flexion,lumbar_flex,beginner,30,UNSOURCED,unsourced,grey,UNSOURCED,
bodybuilding,bb_hamstrings_glutes_machine_hip_thrust_glute_drive_nautilus_153,Machine Hip Thrust (Glute Drive / Nautilus),"Hip Thrust / Glute Bridge / Glute Isolation (kickback, abduction)",Hip Flexion,hip_flex,beginner,80,UNSOURCED,unsourced,grey,UNSOURCED,
bodybuilding,bb_hamstrings_glutes_machine_hip_thrust_glute_drive_nautilus_153,Machine Hip Thrust (Glute Drive / Nautilus),"Hip Thrust / Glute Bridge / Glute Isolation (kickback, abduction)",Lumbar Flexion,lumbar_flex,beginner,30,UNSOURCED,unsourced,grey,UNSOURCED,
bodybuilding,bb_hamstrings_glutes_nordic_hamstring_curl_159,Nordic Hamstring Curl,"Knee Isolation (leg extension, sissy squat, leg curl, Nordic, GHR)",Hip Flexion,hip_flex,intermediate,100,CONTRADICTS,contradicted,grey,Hip flexion at peak torque 9.39±8.36 deg (standard Nordic curl); hip stays near neutral (Sarabon 2019),P40
bodybuilding,bb_hamstrings_glutes_nordic_hamstring_curl_159,Nordic Hamstring Curl,"Knee Isolation (leg extension, sissy squat, leg curl, Nordic, GHR)",Lumbar Flexion,lumbar_flex,intermediate,40,UNSOURCED,unsourced,grey,UNSOURCED,
bodybuilding,bb_hamstrings_glutes_prone_leg_curl_hip_extended_152,Prone Leg Curl (Hip-Extended),"Knee Isolation (leg extension, sissy squat, leg curl, Nordic, GHR)",Hip Flexion,hip_flex,advanced,115,CONTRADICTS,contradicted,grey,"Hip fixed ~30 deg on prone leg-curl machine (set-up, not measured peak) (Maeo 2021)",P46
bodybuilding,bb_hamstrings_glutes_prone_leg_curl_hip_extended_152,Prone Leg Curl (Hip-Extended),"Knee Isolation (leg extension, sissy squat, leg curl, Nordic, GHR)",Lumbar Flexion,lumbar_flex,advanced,50,UNSOURCED,unsourced,grey,UNSOURCED,
bodybuilding,bb_hamstrings_glutes_romanian_deadlift_rdl_134,Romanian Deadlift (RDL),Deadlift / Romanian & Stiff-Leg Deadlift (hinge),Hip Flexion,hip_flex,beginner,80,SUPPORTS,,keep,Hip flexion 79.97±15.85 deg at bottom of Romanian deadlift (Lee 2018),P19
bodybuilding,bb_hamstrings_glutes_romanian_deadlift_rdl_134,Romanian Deadlift (RDL),Deadlift / Romanian & Stiff-Leg Deadlift (hinge),Lumbar Flexion,lumbar_flex,beginner,30,UNSOURCED,unsourced,grey,UNSOURCED,
bodybuilding,bb_hamstrings_glutes_seated_leg_curl_hip_flexed_151,Seated Leg Curl (Hip-Flexed),"Knee Isolation (leg extension, sissy squat, leg curl, Nordic, GHR)",Hip Flexion,hip_flex,beginner,80,SUPPORTS,,keep,"Hip fixed ~90 deg on seated leg-curl machine (set-up, not measured peak) (Maeo 2021)",P46
bodybuilding,bb_hamstrings_glutes_seated_leg_curl_hip_flexed_151,Seated Leg Curl (Hip-Flexed),"Knee Isolation (leg extension, sissy squat, leg curl, Nordic, GHR)",Lumbar Flexion,lumbar_flex,beginner,30,UNSOURCED,unsourced,grey,UNSOURCED,
bodybuilding,bb_hamstrings_glutes_smith_machine_lunge_front_foot_elevated_158,Smith Machine Lunge (Front-Foot Elevated),Lunge / Split Squat / Step-Up (unilateral),Hip Flexion,hip_flex,beginner,80,SUPPORTS,,keep,"Hip flexion 93.16±7.36 (forward lunge) and 99.25±6.67 deg (reverse lunge), bodyweight (Comfort 2015)",P12
bodybuilding,bb_hamstrings_glutes_smith_machine_lunge_front_foot_elevated_158,Smith Machine Lunge (Front-Foot Elevated),Lunge / Split Squat / Step-Up (unilateral),Lumbar Flexion,lumbar_flex,beginner,30,UNSOURCED,unsourced,grey,UNSOURCED,
bodybuilding,bb_hamstrings_glutes_stiff_leg_deadlift_sldl_135,Stiff-Leg Deadlift (SLDL),Deadlift / Romanian & Stiff-Leg Deadlift (hinge),Hip Flexion,hip_flex,beginner,80,SUPPORTS,,keep,Hip flexion 79.97±15.85 deg at bottom of Romanian deadlift (Lee 2018),P19
bodybuilding,bb_hamstrings_glutes_stiff_leg_deadlift_sldl_135,Stiff-Leg Deadlift (SLDL),Deadlift / Romanian & Stiff-Leg Deadlift (hinge),Lumbar Flexion,lumbar_flex,beginner,30,UNSOURCED,unsourced,grey,UNSOURCED,
bodybuilding,bb_hamstrings_glutes_sumo_deadlift_139,Sumo Deadlift,Deadlift / Romanian & Stiff-Leg Deadlift (hinge),Hip Flexion,hip_flex,advanced,115,CONTRADICTS,contradicted,grey,Hip flexion 86.5 deg at start of lift-off phase (range 46.6-86.5) in sumo deadlift (Hanen 2025),P21
bodybuilding,bb_hamstrings_glutes_sumo_deadlift_139,Sumo Deadlift,Deadlift / Romanian & Stiff-Leg Deadlift (hinge),Lumbar Flexion,lumbar_flex,advanced,50,UNSOURCED,unsourced,grey,UNSOURCED,
bodybuilding,bb_quads_barbell_lunge_walking_stationary_005,Barbell Lunge (Walking / Stationary),Lunge / Split Squat / Step-Up (unilateral),Ankle DF,ankle_df,beginner,12,PARTIAL/NOT COMPARABLE,,keep,Peak ankle dorsiflexion 24.88±4.30 (forward lunge) / 22.22±4.78 deg (reverse lunge) (Comfort 2015),P12
bodybuilding,bb_quads_barbell_lunge_walking_stationary_005,Barbell Lunge (Walking / Stationary),Lunge / Split Squat / Step-Up (unilateral),Hip Flexion,hip_flex,beginner,95,SUPPORTS,,keep,"Hip flexion 93.16±7.36 (forward lunge) and 99.25±6.67 deg (reverse lunge), bodyweight (Comfort 2015)",P12
bodybuilding,bb_quads_barbell_lunge_walking_stationary_005,Barbell Lunge (Walking / Stationary),Lunge / Split Squat / Step-Up (unilateral),Lumbar Flexion,lumbar_flex,beginner,30,UNSOURCED,unsourced,grey,UNSOURCED,
bodybuilding,bb_quads_belt_squat_cable_or_machine_019,Belt Squat (Cable or Machine),Leg Press / Hack / Belt / Pendulum Machine Squat,Ankle DF,ankle_df,beginner,12,UNSOURCED,unsourced,grey,UNSOURCED,
bodybuilding,bb_quads_belt_squat_cable_or_machine_019,Belt Squat (Cable or Machine),Leg Press / Hack / Belt / Pendulum Machine Squat,Hip Flexion,hip_flex,beginner,95,UNSOURCED,unsourced,grey,UNSOURCED,
bodybuilding,bb_quads_belt_squat_cable_or_machine_019,Belt Squat (Cable or Machine),Leg Press / Hack / Belt / Pendulum Machine Squat,Lumbar Flexion,lumbar_flex,beginner,30,UNSOURCED,unsourced,grey,UNSOURCED,
bodybuilding,bb_quads_bodyweight_squat_full_depth_023,Bodyweight Squat (Full Depth),"Front / Goblet / Bodyweight Squat (incl. Zercher, wall sit)",Ankle DF,ankle_df,advanced,20,PARTIAL/NOT COMPARABLE,,keep,Ankle dorsiflexion 32.8±5.6 deg parallel bodyweight squat (Kasahara 2024); 38.5±5.9 deg full squat heels down (Hemmerich 2006 via Schoenfeld),P03; P01
bodybuilding,bb_quads_bodyweight_squat_full_depth_023,Bodyweight Squat (Full Depth),"Front / Goblet / Bodyweight Squat (incl. Zercher, wall sit)",Hip Flexion,hip_flex,advanced,125,PARTIAL/NOT COMPARABLE,,keep,"Hip flexion 95±27 deg deep bodyweight squat heels flat (Hemmerich 2006, ADL); 82.7±6.1 deg parallel bodyweight squat (Kasahara 2024)",P01; P03
bodybuilding,bb_quads_bodyweight_squat_full_depth_023,Bodyweight Squat (Full Depth),"Front / Goblet / Bodyweight Squat (incl. Zercher, wall sit)",Lumbar Flexion,lumbar_flex,advanced,45,PARTIAL/NOT COMPARABLE,,keep,"Trunk flexion at parallel 35.9±6.0 (descending) / 37.9±6.4 deg (ascending), back squat 70% front-squat 1RM (Gorsic 2020); 34.7±11.5 deg bodyweight parallel squat (Kasahara 2024). Trunk lean, NOT segmental lumbar",P10; P03
bodybuilding,bb_quads_cable_leg_extension_ankle_attachment_012,Cable Leg Extension (Ankle Attachment),"Knee Isolation (leg extension, sissy squat, leg curl, Nordic, GHR)",Ankle DF,ankle_df,intermediate,16,UNSOURCED,unsourced,grey,UNSOURCED,
bodybuilding,bb_quads_cable_leg_extension_ankle_attachment_012,Cable Leg Extension (Ankle Attachment),"Knee Isolation (leg extension, sissy squat, leg curl, Nordic, GHR)",Hip Flexion,hip_flex,intermediate,115,UNSOURCED,unsourced,grey,UNSOURCED,
bodybuilding,bb_quads_cable_leg_extension_ankle_attachment_012,Cable Leg Extension (Ankle Attachment),"Knee Isolation (leg extension, sissy squat, leg curl, Nordic, GHR)",Lumbar Flexion,lumbar_flex,intermediate,40,UNSOURCED,unsourced,grey,UNSOURCED,
bodybuilding,bb_quads_cable_pull_through_squat_variation_013,Cable Pull-Through (Squat Variation),"Good Morning / Back Extension / Pull-Through (hip-extension, lumbar-loaded)",Ankle DF,ankle_df,advanced,20,UNSOURCED,unsourced,grey,UNSOURCED,
bodybuilding,bb_quads_cable_pull_through_squat_variation_013,Cable Pull-Through (Squat Variation),"Good Morning / Back Extension / Pull-Through (hip-extension, lumbar-loaded)",Hip Flexion,hip_flex,advanced,125,UNSOURCED,unsourced,grey,UNSOURCED,
bodybuilding,bb_quads_cable_pull_through_squat_variation_013,Cable Pull-Through (Squat Variation),"Good Morning / Back Extension / Pull-Through (hip-extension, lumbar-loaded)",Lumbar Flexion,lumbar_flex,advanced,45,UNSOURCED,unsourced,grey,UNSOURCED,
bodybuilding,bb_quads_cable_squat_low_cable_belt_or_handle_011,"Cable Squat (Low Cable, Belt or Handle)",Leg Press / Hack / Belt / Pendulum Machine Squat,Ankle DF,ankle_df,intermediate,16,UNSOURCED,unsourced,grey,UNSOURCED,
bodybuilding,bb_quads_cable_squat_low_cable_belt_or_handle_011,"Cable Squat (Low Cable, Belt or Handle)",Leg Press / Hack / Belt / Pendulum Machine Squat,Hip Flexion,hip_flex,intermediate,115,UNSOURCED,unsourced,grey,UNSOURCED,
bodybuilding,bb_quads_cable_squat_low_cable_belt_or_handle_011,"Cable Squat (Low Cable, Belt or Handle)",Leg Press / Hack / Belt / Pendulum Machine Squat,Lumbar Flexion,lumbar_flex,intermediate,40,UNSOURCED,unsourced,grey,UNSOURCED,
bodybuilding,bb_quads_dumbbell_bulgarian_split_squat_rfess_007,Dumbbell Bulgarian Split Squat (RFESS),Lunge / Split Squat / Step-Up (unilateral),Ankle DF,ankle_df,beginner,12,PARTIAL/NOT COMPARABLE,,keep,Peak ankle dorsiflexion 14.2±5.8 deg at short step falling to ~0 at long step in split squat (Song 2023),P13
bodybuilding,bb_quads_dumbbell_bulgarian_split_squat_rfess_007,Dumbbell Bulgarian Split Squat (RFESS),Lunge / Split Squat / Step-Up (unilateral),Hip Flexion,hip_flex,beginner,95,SUPPORTS,,keep,"Hip flexion, front leg, 97.9±8.2 to 101.9±10.0 deg across step lengths (Song 2023)",P13
bodybuilding,bb_quads_dumbbell_bulgarian_split_squat_rfess_007,Dumbbell Bulgarian Split Squat (RFESS),Lunge / Split Squat / Step-Up (unilateral),Lumbar Flexion,lumbar_flex,beginner,30,UNSOURCED,unsourced,grey,UNSOURCED,
bodybuilding,bb_quads_dumbbell_lunge_stationary_009,Dumbbell Lunge (Stationary),Lunge / Split Squat / Step-Up (unilateral),Ankle DF,ankle_df,intermediate,16,PARTIAL/NOT COMPARABLE,,keep,Peak ankle dorsiflexion 24.88±4.30 (forward lunge) / 22.22±4.78 deg (reverse lunge) (Comfort 2015),P12
bodybuilding,bb_quads_dumbbell_lunge_stationary_009,Dumbbell Lunge (Stationary),Lunge / Split Squat / Step-Up (unilateral),Hip Flexion,hip_flex,intermediate,115,PARTIAL/NOT COMPARABLE,,keep,"Hip flexion 93.16±7.36 (forward lunge) and 99.25±6.67 deg (reverse lunge), bodyweight (Comfort 2015)",P12
bodybuilding,bb_quads_dumbbell_lunge_stationary_009,Dumbbell Lunge (Stationary),Lunge / Split Squat / Step-Up (unilateral),Lumbar Flexion,lumbar_flex,intermediate,40,UNSOURCED,unsourced,grey,UNSOURCED,
bodybuilding,bb_quads_dumbbell_sissy_squat_assisted_010,Dumbbell Sissy Squat (Assisted),"Knee Isolation (leg extension, sissy squat, leg curl, Nordic, GHR)",Ankle DF,ankle_df,intermediate,16,UNSOURCED,unsourced,grey,UNSOURCED,
bodybuilding,bb_quads_dumbbell_sissy_squat_assisted_010,Dumbbell Sissy Squat (Assisted),"Knee Isolation (leg extension, sissy squat, leg curl, Nordic, GHR)",Hip Flexion,hip_flex,intermediate,115,UNSOURCED,unsourced,grey,UNSOURCED,
bodybuilding,bb_quads_dumbbell_sissy_squat_assisted_010,Dumbbell Sissy Squat (Assisted),"Knee Isolation (leg extension, sissy squat, leg curl, Nordic, GHR)",Lumbar Flexion,lumbar_flex,intermediate,40,UNSOURCED,unsourced,grey,UNSOURCED,
bodybuilding,bb_quads_dumbbell_step_up_008,Dumbbell Step-Up,Lunge / Split Squat / Step-Up (unilateral),Ankle DF,ankle_df,advanced,20,UNSOURCED,unsourced,grey,UNSOURCED,
bodybuilding,bb_quads_dumbbell_step_up_008,Dumbbell Step-Up,Lunge / Split Squat / Step-Up (unilateral),Hip Flexion,hip_flex,advanced,125,UNSOURCED,unsourced,grey,UNSOURCED,
bodybuilding,bb_quads_dumbbell_step_up_008,Dumbbell Step-Up,Lunge / Split Squat / Step-Up (unilateral),Lumbar Flexion,lumbar_flex,advanced,45,UNSOURCED,unsourced,grey,UNSOURCED,
bodybuilding,bb_quads_front_squat_003,Front Squat,"Front / Goblet / Bodyweight Squat (incl. Zercher, wall sit)",Ankle DF,ankle_df,beginner,12,UNSOURCED,unsourced,grey,UNSOURCED,
bodybuilding,bb_quads_front_squat_003,Front Squat,"Front / Goblet / Bodyweight Squat (incl. Zercher, wall sit)",Hip Flexion,hip_flex,beginner,95,UNSOURCED,unsourced,grey,UNSOURCED,
bodybuilding,bb_quads_front_squat_003,Front Squat,"Front / Goblet / Bodyweight Squat (incl. Zercher, wall sit)",Lumbar Flexion,lumbar_flex,beginner,30,PARTIAL/NOT COMPARABLE,,keep,"Trunk flexion at parallel 37.4±5.7 / 40.6±5.7 deg, front squat (Gorsic 2020). Trunk lean, NOT segmental lumbar",P10
bodybuilding,bb_quads_goblet_squat_006,Goblet Squat,"Front / Goblet / Bodyweight Squat (incl. Zercher, wall sit)",Ankle DF,ankle_df,intermediate,16,UNSOURCED,unsourced,grey,UNSOURCED,
bodybuilding,bb_quads_goblet_squat_006,Goblet Squat,"Front / Goblet / Bodyweight Squat (incl. Zercher, wall sit)",Hip Flexion,hip_flex,intermediate,115,UNSOURCED,unsourced,grey,UNSOURCED,
bodybuilding,bb_quads_goblet_squat_006,Goblet Squat,"Front / Goblet / Bodyweight Squat (incl. Zercher, wall sit)",Lumbar Flexion,lumbar_flex,intermediate,40,UNSOURCED,unsourced,grey,UNSOURCED,
bodybuilding,bb_quads_hack_squat_machine_015,Hack Squat Machine,Leg Press / Hack / Belt / Pendulum Machine Squat,Ankle DF,ankle_df,beginner,12,UNSOURCED,unsourced,grey,UNSOURCED,
bodybuilding,bb_quads_hack_squat_machine_015,Hack Squat Machine,Leg Press / Hack / Belt / Pendulum Machine Squat,Hip Flexion,hip_flex,beginner,95,UNSOURCED,unsourced,grey,UNSOURCED,
bodybuilding,bb_quads_hack_squat_machine_015,Hack Squat Machine,Leg Press / Hack / Belt / Pendulum Machine Squat,Lumbar Flexion,lumbar_flex,beginner,30,UNSOURCED,unsourced,grey,UNSOURCED,
bodybuilding,bb_quads_high_bar_back_squat_001,High Bar Back Squat,"Back Squat (high-bar, low-bar, Smith, glute-focus)",Ankle DF,ankle_df,beginner,12,PARTIAL/NOT COMPARABLE,,keep,Ankle flexion 26.7±5.1 (powerlifting stance) to 37.2±3.9 deg (traditional) at start of concentric (Swinton 2012); 32.8±5.6 deg bodyweight parallel squat (Kasahara 2024); 38.5±5.9 deg full squat heels down (Hemmerich 2006 via Schoenfeld),P08; P03; P01
bodybuilding,bb_quads_high_bar_back_squat_001,High Bar Back Squat,"Back Squat (high-bar, low-bar, Smith, glute-focus)",Hip Flexion,hip_flex,beginner,95,SUPPORTS,,keep,Hip flexion at lowest position 95-100 deg (Lorenzetti 2012); 104.3±4.9 (traditional) to 112.6±5.8 deg (powerlifting stance) at start of concentric (Swinton 2012),P05; P08
bodybuilding,bb_quads_high_bar_back_squat_001,High Bar Back Squat,"Back Squat (high-bar, low-bar, Smith, glute-focus)",Lumbar Flexion,lumbar_flex,beginner,30,PARTIAL/NOT COMPARABLE,,keep,"Trunk flexion at parallel 35.9±6.0 (descending) / 37.9±6.4 deg (ascending), back squat 70% front-squat 1RM (Gorsic 2020); 34.7±11.5 deg bodyweight parallel squat (Kasahara 2024). Trunk lean, NOT segmental lumbar",P10; P03
bodybuilding,bb_quads_jump_squat_027,Jump Squat,OTHER (plyometric / non-lift / dorsiflexor isolation),Ankle DF,ankle_df,advanced,20,UNSOURCED,unsourced,grey,UNSOURCED,
bodybuilding,bb_quads_jump_squat_027,Jump Squat,OTHER (plyometric / non-lift / dorsiflexor isolation),Hip Flexion,hip_flex,advanced,125,UNSOURCED,unsourced,grey,UNSOURCED,
bodybuilding,bb_quads_jump_squat_027,Jump Squat,OTHER (plyometric / non-lift / dorsiflexor isolation),Lumbar Flexion,lumbar_flex,advanced,45,UNSOURCED,unsourced,grey,UNSOURCED,
bodybuilding,bb_quads_leg_press_45_sled_016,Leg Press (45 deg Sled),Leg Press / Hack / Belt / Pendulum Machine Squat,Ankle DF,ankle_df,beginner,12,UNSOURCED,unsourced,grey,UNSOURCED,
bodybuilding,bb_quads_leg_press_45_sled_016,Leg Press (45 deg Sled),Leg Press / Hack / Belt / Pendulum Machine Squat,Hip Flexion,hip_flex,beginner,95,UNSOURCED,unsourced,grey,UNSOURCED,
bodybuilding,bb_quads_leg_press_45_sled_016,Leg Press (45 deg Sled),Leg Press / Hack / Belt / Pendulum Machine Squat,Lumbar Flexion,lumbar_flex,beginner,30,UNSOURCED,unsourced,grey,UNSOURCED,
bodybuilding,bb_quads_leg_press_low_foot_close_stance_quad_focus_021,Leg Press (Low-Foot / Close Stance - Quad Focus),Leg Press / Hack / Belt / Pendulum Machine Squat,Ankle DF,ankle_df,beginner,12,UNSOURCED,unsourced,grey,UNSOURCED,
bodybuilding,bb_quads_leg_press_low_foot_close_stance_quad_focus_021,Leg Press (Low-Foot / Close Stance - Quad Focus),Leg Press / Hack / Belt / Pendulum Machine Squat,Hip Flexion,hip_flex,beginner,95,UNSOURCED,unsourced,grey,UNSOURCED,
bodybuilding,bb_quads_leg_press_low_foot_close_stance_quad_focus_021,Leg Press (Low-Foot / Close Stance - Quad Focus),Leg Press / Hack / Belt / Pendulum Machine Squat,Lumbar Flexion,lumbar_flex,beginner,30,UNSOURCED,unsourced,grey,UNSOURCED,
bodybuilding,bb_quads_low_bar_back_squat_002,Low Bar Back Squat,"Back Squat (high-bar, low-bar, Smith, glute-focus)",Ankle DF,ankle_df,advanced,20,PARTIAL/NOT COMPARABLE,,keep,Ankle flexion 26.7±5.1 (powerlifting stance) to 37.2±3.9 deg (traditional) at start of concentric (Swinton 2012); 32.8±5.6 deg bodyweight parallel squat (Kasahara 2024); 38.5±5.9 deg full squat heels down (Hemmerich 2006 via Schoenfeld),P08; P03; P01
bodybuilding,bb_quads_low_bar_back_squat_002,Low Bar Back Squat,"Back Squat (high-bar, low-bar, Smith, glute-focus)",Hip Flexion,hip_flex,advanced,125,PARTIAL/NOT COMPARABLE,,keep,Hip flexion at lowest position 95-100 deg (Lorenzetti 2012); 104.3±4.9 (traditional) to 112.6±5.8 deg (powerlifting stance) at start of concentric (Swinton 2012),P05; P08
bodybuilding,bb_quads_low_bar_back_squat_002,Low Bar Back Squat,"Back Squat (high-bar, low-bar, Smith, glute-focus)",Lumbar Flexion,lumbar_flex,advanced,45,PARTIAL/NOT COMPARABLE,,keep,"Trunk flexion at parallel 35.9±6.0 (descending) / 37.9±6.4 deg (ascending), back squat 70% front-squat 1RM (Gorsic 2020); 34.7±11.5 deg bodyweight parallel squat (Kasahara 2024). Trunk lean, NOT segmental lumbar",P10; P03
bodybuilding,bb_quads_machine_leg_press_single_leg_022,Machine Leg Press (Single-Leg),Leg Press / Hack / Belt / Pendulum Machine Squat,Ankle DF,ankle_df,intermediate,16,UNSOURCED,unsourced,grey,UNSOURCED,
bodybuilding,bb_quads_machine_leg_press_single_leg_022,Machine Leg Press (Single-Leg),Leg Press / Hack / Belt / Pendulum Machine Squat,Hip Flexion,hip_flex,intermediate,115,UNSOURCED,unsourced,grey,UNSOURCED,
bodybuilding,bb_quads_machine_leg_press_single_leg_022,Machine Leg Press (Single-Leg),Leg Press / Hack / Belt / Pendulum Machine Squat,Lumbar Flexion,lumbar_flex,intermediate,40,UNSOURCED,unsourced,grey,UNSOURCED,
bodybuilding,bb_quads_pendulum_squat_018,Pendulum Squat,Leg Press / Hack / Belt / Pendulum Machine Squat,Ankle DF,ankle_df,beginner,12,UNSOURCED,unsourced,grey,UNSOURCED,
bodybuilding,bb_quads_pendulum_squat_018,Pendulum Squat,Leg Press / Hack / Belt / Pendulum Machine Squat,Hip Flexion,hip_flex,beginner,95,UNSOURCED,unsourced,grey,UNSOURCED,
bodybuilding,bb_quads_pendulum_squat_018,Pendulum Squat,Leg Press / Hack / Belt / Pendulum Machine Squat,Lumbar Flexion,lumbar_flex,beginner,30,UNSOURCED,unsourced,grey,UNSOURCED,
bodybuilding,bb_quads_reverse_nordic_curl_024,Reverse Nordic Curl,"Knee Isolation (leg extension, sissy squat, leg curl, Nordic, GHR)",Ankle DF,ankle_df,intermediate,16,UNSOURCED,unsourced,grey,UNSOURCED,
bodybuilding,bb_quads_reverse_nordic_curl_024,Reverse Nordic Curl,"Knee Isolation (leg extension, sissy squat, leg curl, Nordic, GHR)",Hip Flexion,hip_flex,intermediate,115,UNSOURCED,unsourced,grey,UNSOURCED,
bodybuilding,bb_quads_reverse_nordic_curl_024,Reverse Nordic Curl,"Knee Isolation (leg extension, sissy squat, leg curl, Nordic, GHR)",Lumbar Flexion,lumbar_flex,intermediate,40,UNSOURCED,unsourced,grey,UNSOURCED,
bodybuilding,bb_quads_seated_leg_extension_reclined_017,Seated Leg Extension (Reclined),"Knee Isolation (leg extension, sissy squat, leg curl, Nordic, GHR)",Ankle DF,ankle_df,beginner,12,UNSOURCED,unsourced,grey,UNSOURCED,
bodybuilding,bb_quads_seated_leg_extension_reclined_017,Seated Leg Extension (Reclined),"Knee Isolation (leg extension, sissy squat, leg curl, Nordic, GHR)",Hip Flexion,hip_flex,beginner,95,UNSOURCED,unsourced,grey,UNSOURCED,
bodybuilding,bb_quads_seated_leg_extension_reclined_017,Seated Leg Extension (Reclined),"Knee Isolation (leg extension, sissy squat, leg curl, Nordic, GHR)",Lumbar Flexion,lumbar_flex,beginner,30,UNSOURCED,unsourced,grey,UNSOURCED,
bodybuilding,bb_quads_single_leg_cable_squat_pistol_assisted_014,Single-Leg Cable Squat (Pistol-Assisted),Lunge / Split Squat / Step-Up (unilateral),Ankle DF,ankle_df,intermediate,16,UNSOURCED,unsourced,grey,UNSOURCED,
bodybuilding,bb_quads_single_leg_cable_squat_pistol_assisted_014,Single-Leg Cable Squat (Pistol-Assisted),Lunge / Split Squat / Step-Up (unilateral),Hip Flexion,hip_flex,intermediate,115,UNSOURCED,unsourced,grey,UNSOURCED,
bodybuilding,bb_quads_single_leg_cable_squat_pistol_assisted_014,Single-Leg Cable Squat (Pistol-Assisted),Lunge / Split Squat / Step-Up (unilateral),Lumbar Flexion,lumbar_flex,intermediate,40,UNSOURCED,unsourced,grey,UNSOURCED,
bodybuilding,bb_quads_sissy_squat_bodyweight_025,Sissy Squat (Bodyweight),"Knee Isolation (leg extension, sissy squat, leg curl, Nordic, GHR)",Ankle DF,ankle_df,intermediate,16,UNSOURCED,unsourced,grey,UNSOURCED,
bodybuilding,bb_quads_sissy_squat_bodyweight_025,Sissy Squat (Bodyweight),"Knee Isolation (leg extension, sissy squat, leg curl, Nordic, GHR)",Hip Flexion,hip_flex,intermediate,115,UNSOURCED,unsourced,grey,UNSOURCED,
bodybuilding,bb_quads_sissy_squat_bodyweight_025,Sissy Squat (Bodyweight),"Knee Isolation (leg extension, sissy squat, leg curl, Nordic, GHR)",Lumbar Flexion,lumbar_flex,intermediate,40,UNSOURCED,unsourced,grey,UNSOURCED,
bodybuilding,bb_quads_smith_machine_squat_020,Smith Machine Squat,"Back Squat (high-bar, low-bar, Smith, glute-focus)",Ankle DF,ankle_df,beginner,12,PARTIAL/NOT COMPARABLE,,keep,Ankle flexion 26.7±5.1 (powerlifting stance) to 37.2±3.9 deg (traditional) at start of concentric (Swinton 2012); 32.8±5.6 deg bodyweight parallel squat (Kasahara 2024); 38.5±5.9 deg full squat heels down (Hemmerich 2006 via Schoenfeld),P08; P03; P01
bodybuilding,bb_quads_smith_machine_squat_020,Smith Machine Squat,"Back Squat (high-bar, low-bar, Smith, glute-focus)",Hip Flexion,hip_flex,beginner,95,SUPPORTS,,keep,Hip flexion at lowest position 95-100 deg (Lorenzetti 2012); 104.3±4.9 (traditional) to 112.6±5.8 deg (powerlifting stance) at start of concentric (Swinton 2012),P05; P08
bodybuilding,bb_quads_smith_machine_squat_020,Smith Machine Squat,"Back Squat (high-bar, low-bar, Smith, glute-focus)",Lumbar Flexion,lumbar_flex,beginner,30,PARTIAL/NOT COMPARABLE,,keep,"Trunk flexion at parallel 35.9±6.0 (descending) / 37.9±6.4 deg (ascending), back squat 70% front-squat 1RM (Gorsic 2020); 34.7±11.5 deg bodyweight parallel squat (Kasahara 2024). Trunk lean, NOT segmental lumbar",P10; P03
bodybuilding,bb_quads_wall_sit_isometric_026,Wall Sit (Isometric),"Front / Goblet / Bodyweight Squat (incl. Zercher, wall sit)",Ankle DF,ankle_df,advanced,20,UNSOURCED,unsourced,grey,UNSOURCED,
bodybuilding,bb_quads_wall_sit_isometric_026,Wall Sit (Isometric),"Front / Goblet / Bodyweight Squat (incl. Zercher, wall sit)",Hip Flexion,hip_flex,advanced,125,UNSOURCED,unsourced,grey,UNSOURCED,
bodybuilding,bb_quads_wall_sit_isometric_026,Wall Sit (Isometric),"Front / Goblet / Bodyweight Squat (incl. Zercher, wall sit)",Lumbar Flexion,lumbar_flex,advanced,45,UNSOURCED,unsourced,grey,UNSOURCED,
bodybuilding,bb_quads_zercher_squat_004,Zercher Squat,"Front / Goblet / Bodyweight Squat (incl. Zercher, wall sit)",Ankle DF,ankle_df,intermediate,16,UNSOURCED,unsourced,grey,UNSOURCED,
bodybuilding,bb_quads_zercher_squat_004,Zercher Squat,"Front / Goblet / Bodyweight Squat (incl. Zercher, wall sit)",Hip Flexion,hip_flex,intermediate,115,UNSOURCED,unsourced,grey,UNSOURCED,
bodybuilding,bb_quads_zercher_squat_004,Zercher Squat,"Front / Goblet / Bodyweight Squat (incl. Zercher, wall sit)",Lumbar Flexion,lumbar_flex,intermediate,40,UNSOURCED,unsourced,grey,UNSOURCED,
bodybuilding,bb_shoulders_arnold_press_169,Arnold Press,"Overhead Press (barbell, DB, machine, Arnold, landmine)",Shoulder ER,shoulder_er,intermediate,80,UNSOURCED,unsourced,grey,UNSOURCED,
bodybuilding,bb_shoulders_arnold_press_169,Arnold Press,"Overhead Press (barbell, DB, machine, Arnold, landmine)",Shoulder Flexion,shoulder_flex,intermediate,160,UNSOURCED,unsourced,grey,UNSOURCED,
bodybuilding,bb_shoulders_barbell_high_pull_hang_167,Barbell High Pull (Hang),Upright Row / High Pull / Shrug,Shoulder ER,shoulder_er,advanced,88,UNSOURCED,unsourced,grey,UNSOURCED,
bodybuilding,bb_shoulders_barbell_high_pull_hang_167,Barbell High Pull (Hang),Upright Row / High Pull / Shrug,Shoulder Flexion,shoulder_flex,advanced,175,UNSOURCED,unsourced,grey,UNSOURCED,
bodybuilding,bb_shoulders_barbell_overhead_press_standing_163,Barbell Overhead Press (Standing),"Overhead Press (barbell, DB, machine, Arnold, landmine)",Shoulder ER,shoulder_er,beginner,65,UNSOURCED,unsourced,grey,UNSOURCED,
bodybuilding,bb_shoulders_barbell_overhead_press_standing_163,Barbell Overhead Press (Standing),"Overhead Press (barbell, DB, machine, Arnold, landmine)",Shoulder Flexion,shoulder_flex,beginner,130,SUPPORTS,,keep,"Peak shoulder flexion 135.9 deg men / 147.3 deg women, seated barbell press in front of head (McKean 2015, as Heavy quoted; values NOT confirmed)",P32
bodybuilding,bb_shoulders_barbell_upright_row_wide_grip_166,Barbell Upright Row (Wide Grip),Upright Row / High Pull / Shrug,Shoulder ER,shoulder_er,advanced,88,UNSOURCED,unsourced,grey,UNSOURCED,
bodybuilding,bb_shoulders_barbell_upright_row_wide_grip_166,Barbell Upright Row (Wide Grip),Upright Row / High Pull / Shrug,Shoulder Flexion,shoulder_flex,advanced,175,UNSOURCED,unsourced,grey,UNSOURCED,
bodybuilding,bb_shoulders_behind_the_neck_barbell_press_165,Behind-the-Neck Barbell Press,"Overhead Press (barbell, DB, machine, Arnold, landmine)",Shoulder ER,shoulder_er,beginner,65,UNSOURCED,unsourced,grey,UNSOURCED,
bodybuilding,bb_shoulders_behind_the_neck_barbell_press_165,Behind-the-Neck Barbell Press,"Overhead Press (barbell, DB, machine, Arnold, landmine)",Shoulder Flexion,shoulder_flex,beginner,130,SUPPORTS,,keep,"Peak shoulder flexion 144.7 deg men / 155.0 deg women, seated behind-the-head press (McKean 2015, as Heavy quoted; NOT confirmed)",P32
bodybuilding,bb_shoulders_cable_face_pull_rope_180,Cable Face Pull (Rope),Face Pull / Rear-Delt Fly & Row (horizontal abduction),Shoulder ER,shoulder_er,intermediate,80,UNSOURCED,unsourced,grey,UNSOURCED,
bodybuilding,bb_shoulders_cable_face_pull_rope_180,Cable Face Pull (Rope),Face Pull / Rear-Delt Fly & Row (horizontal abduction),Shoulder Flexion,shoulder_flex,intermediate,160,UNSOURCED,unsourced,grey,UNSOURCED,
bodybuilding,bb_shoulders_cable_front_raise_179,Cable Front Raise,Lateral / Front Raise,Shoulder ER,shoulder_er,advanced,88,UNSOURCED,unsourced,grey,UNSOURCED,
bodybuilding,bb_shoulders_cable_front_raise_179,Cable Front Raise,Lateral / Front Raise,Shoulder Flexion,shoulder_flex,advanced,175,UNSOURCED,unsourced,grey,UNSOURCED,
bodybuilding,bb_shoulders_cable_lateral_raise_bilateral_crossover_177,Cable Lateral Raise (Bilateral / Crossover),Lateral / Front Raise,Shoulder ER,shoulder_er,intermediate,80,UNSOURCED,unsourced,grey,UNSOURCED,
bodybuilding,bb_shoulders_cable_lateral_raise_bilateral_crossover_177,Cable Lateral Raise (Bilateral / Crossover),Lateral / Front Raise,Shoulder Flexion,shoulder_flex,intermediate,160,UNSOURCED,unsourced,grey,UNSOURCED,
bodybuilding,bb_shoulders_cable_rear_delt_pull_single_arm_high_pulley_182,"Cable Rear Delt Pull (Single Arm, High Pulley)",Face Pull / Rear-Delt Fly & Row (horizontal abduction),Shoulder ER,shoulder_er,intermediate,80,UNSOURCED,unsourced,grey,UNSOURCED,
bodybuilding,bb_shoulders_cable_rear_delt_pull_single_arm_high_pulley_182,"Cable Rear Delt Pull (Single Arm, High Pulley)",Face Pull / Rear-Delt Fly & Row (horizontal abduction),Shoulder Flexion,shoulder_flex,intermediate,160,UNSOURCED,unsourced,grey,UNSOURCED,
bodybuilding,bb_shoulders_cable_upright_row_rope_181,Cable Upright Row (Rope),Upright Row / High Pull / Shrug,Shoulder ER,shoulder_er,intermediate,80,UNSOURCED,unsourced,grey,UNSOURCED,
bodybuilding,bb_shoulders_cable_upright_row_rope_181,Cable Upright Row (Rope),Upright Row / High Pull / Shrug,Shoulder Flexion,shoulder_flex,intermediate,160,UNSOURCED,unsourced,grey,UNSOURCED,
bodybuilding,bb_shoulders_dumbbell_front_raise_175,Dumbbell Front Raise,Lateral / Front Raise,Shoulder ER,shoulder_er,advanced,88,UNSOURCED,unsourced,grey,UNSOURCED,
bodybuilding,bb_shoulders_dumbbell_front_raise_175,Dumbbell Front Raise,Lateral / Front Raise,Shoulder Flexion,shoulder_flex,advanced,175,UNSOURCED,unsourced,grey,UNSOURCED,
bodybuilding,bb_shoulders_dumbbell_lateral_raise_standing_170,Dumbbell Lateral Raise (Standing),Lateral / Front Raise,Shoulder ER,shoulder_er,advanced,88,UNSOURCED,unsourced,grey,UNSOURCED,
bodybuilding,bb_shoulders_dumbbell_lateral_raise_standing_170,Dumbbell Lateral Raise (Standing),Lateral / Front Raise,Shoulder Flexion,shoulder_flex,advanced,175,UNSOURCED,unsourced,grey,UNSOURCED,
bodybuilding,bb_shoulders_dumbbell_rear_delt_fly_bent_over_172,Dumbbell Rear Delt Fly (Bent-Over),Face Pull / Rear-Delt Fly & Row (horizontal abduction),Shoulder ER,shoulder_er,intermediate,80,UNSOURCED,unsourced,grey,UNSOURCED,
bodybuilding,bb_shoulders_dumbbell_rear_delt_fly_bent_over_172,Dumbbell Rear Delt Fly (Bent-Over),Face Pull / Rear-Delt Fly & Row (horizontal abduction),Shoulder Flexion,shoulder_flex,intermediate,160,UNSOURCED,unsourced,grey,UNSOURCED,
bodybuilding,bb_shoulders_dumbbell_upright_row_174,Dumbbell Upright Row,Upright Row / High Pull / Shrug,Shoulder ER,shoulder_er,advanced,88,UNSOURCED,unsourced,grey,UNSOURCED,
bodybuilding,bb_shoulders_dumbbell_upright_row_174,Dumbbell Upright Row,Upright Row / High Pull / Shrug,Shoulder Flexion,shoulder_flex,advanced,175,UNSOURCED,unsourced,grey,UNSOURCED,
bodybuilding,bb_shoulders_incline_dumbbell_rear_delt_fly_173,Incline Dumbbell Rear Delt Fly,Face Pull / Rear-Delt Fly & Row (horizontal abduction),Shoulder ER,shoulder_er,intermediate,80,UNSOURCED,unsourced,grey,UNSOURCED,
bodybuilding,bb_shoulders_incline_dumbbell_rear_delt_fly_173,Incline Dumbbell Rear Delt Fly,Face Pull / Rear-Delt Fly & Row (horizontal abduction),Shoulder Flexion,shoulder_flex,intermediate,160,UNSOURCED,unsourced,grey,UNSOURCED,
bodybuilding,bb_shoulders_landmine_press_single_arm_189,Landmine Press (Single-Arm),"Overhead Press (barbell, DB, machine, Arnold, landmine)",Shoulder ER,shoulder_er,intermediate,80,UNSOURCED,unsourced,grey,UNSOURCED,
bodybuilding,bb_shoulders_landmine_press_single_arm_189,Landmine Press (Single-Arm),"Overhead Press (barbell, DB, machine, Arnold, landmine)",Shoulder Flexion,shoulder_flex,intermediate,160,UNSOURCED,unsourced,grey,UNSOURCED,
bodybuilding,bb_shoulders_lateral_raise_machine_187,Lateral Raise Machine,Lateral / Front Raise,Shoulder ER,shoulder_er,beginner,65,UNSOURCED,unsourced,grey,UNSOURCED,
bodybuilding,bb_shoulders_lateral_raise_machine_187,Lateral Raise Machine,Lateral / Front Raise,Shoulder Flexion,shoulder_flex,beginner,130,UNSOURCED,unsourced,grey,UNSOURCED,
bodybuilding,bb_shoulders_lean_away_cable_lateral_raise_183,Lean-Away Cable Lateral Raise,Lateral / Front Raise,Shoulder ER,shoulder_er,intermediate,80,UNSOURCED,unsourced,grey,UNSOURCED,
bodybuilding,bb_shoulders_lean_away_cable_lateral_raise_183,Lean-Away Cable Lateral Raise,Lateral / Front Raise,Shoulder Flexion,shoulder_flex,intermediate,160,UNSOURCED,unsourced,grey,UNSOURCED,
bodybuilding,bb_shoulders_machine_shoulder_press_converging_plate_loaded_184,Machine Shoulder Press (Converging/Plate-Loaded),"Overhead Press (barbell, DB, machine, Arnold, landmine)",Shoulder ER,shoulder_er,beginner,65,UNSOURCED,unsourced,grey,UNSOURCED,
bodybuilding,bb_shoulders_machine_shoulder_press_converging_plate_loaded_184,Machine Shoulder Press (Converging/Plate-Loaded),"Overhead Press (barbell, DB, machine, Arnold, landmine)",Shoulder Flexion,shoulder_flex,beginner,130,UNSOURCED,unsourced,grey,UNSOURCED,
bodybuilding,bb_shoulders_pec_deck_rear_delt_reverse_grip_188,Pec Deck Rear Delt (Reverse Grip),Face Pull / Rear-Delt Fly & Row (horizontal abduction),Shoulder ER,shoulder_er,intermediate,80,UNSOURCED,unsourced,grey,UNSOURCED,
bodybuilding,bb_shoulders_pec_deck_rear_delt_reverse_grip_188,Pec Deck Rear Delt (Reverse Grip),Face Pull / Rear-Delt Fly & Row (horizontal abduction),Shoulder Flexion,shoulder_flex,intermediate,160,UNSOURCED,unsourced,grey,UNSOURCED,
bodybuilding,bb_shoulders_reverse_cable_crossover_high_to_low_rear_delt_178,Reverse Cable Crossover (High-to-Low / Rear Delt),Face Pull / Rear-Delt Fly & Row (horizontal abduction),Shoulder ER,shoulder_er,intermediate,80,UNSOURCED,unsourced,grey,UNSOURCED,
bodybuilding,bb_shoulders_reverse_cable_crossover_high_to_low_rear_delt_178,Reverse Cable Crossover (High-to-Low / Rear Delt),Face Pull / Rear-Delt Fly & Row (horizontal abduction),Shoulder Flexion,shoulder_flex,intermediate,160,UNSOURCED,unsourced,grey,UNSOURCED,
bodybuilding,bb_shoulders_reverse_pec_deck_machine_rear_delt_fly_185,Reverse Pec Deck (Machine Rear Delt Fly),Face Pull / Rear-Delt Fly & Row (horizontal abduction),Shoulder ER,shoulder_er,beginner,65,UNSOURCED,unsourced,grey,UNSOURCED,
bodybuilding,bb_shoulders_reverse_pec_deck_machine_rear_delt_fly_185,Reverse Pec Deck (Machine Rear Delt Fly),Face Pull / Rear-Delt Fly & Row (horizontal abduction),Shoulder Flexion,shoulder_flex,beginner,130,UNSOURCED,unsourced,grey,UNSOURCED,
bodybuilding,bb_shoulders_seated_barbell_overhead_press_164,Seated Barbell Overhead Press,"Overhead Press (barbell, DB, machine, Arnold, landmine)",Shoulder ER,shoulder_er,beginner,65,UNSOURCED,unsourced,grey,UNSOURCED,
bodybuilding,bb_shoulders_seated_barbell_overhead_press_164,Seated Barbell Overhead Press,"Overhead Press (barbell, DB, machine, Arnold, landmine)",Shoulder Flexion,shoulder_flex,beginner,130,SUPPORTS,,keep,"Peak shoulder flexion 135.9 deg men / 147.3 deg women, seated barbell press in front of head (McKean 2015, as Heavy quoted; values NOT confirmed)",P32
bodybuilding,bb_shoulders_seated_dumbbell_overhead_press_168,Seated Dumbbell Overhead Press,"Overhead Press (barbell, DB, machine, Arnold, landmine)",Shoulder ER,shoulder_er,intermediate,80,UNSOURCED,unsourced,grey,UNSOURCED,
bodybuilding,bb_shoulders_seated_dumbbell_overhead_press_168,Seated Dumbbell Overhead Press,"Overhead Press (barbell, DB, machine, Arnold, landmine)",Shoulder Flexion,shoulder_flex,intermediate,160,UNSOURCED,unsourced,grey,UNSOURCED,
bodybuilding,bb_shoulders_seated_machine_rear_delt_row_wide_grip_190,Seated Machine Rear Delt Row (Wide Grip),Face Pull / Rear-Delt Fly & Row (horizontal abduction),Shoulder ER,shoulder_er,beginner,65,UNSOURCED,unsourced,grey,UNSOURCED,
bodybuilding,bb_shoulders_seated_machine_rear_delt_row_wide_grip_190,Seated Machine Rear Delt Row (Wide Grip),Face Pull / Rear-Delt Fly & Row (horizontal abduction),Shoulder Flexion,shoulder_flex,beginner,130,UNSOURCED,unsourced,grey,UNSOURCED,
bodybuilding,bb_shoulders_side_lying_dumbbell_lateral_raise_171,Side-Lying Dumbbell Lateral Raise,Lateral / Front Raise,Shoulder ER,shoulder_er,intermediate,80,UNSOURCED,unsourced,grey,UNSOURCED,
bodybuilding,bb_shoulders_side_lying_dumbbell_lateral_raise_171,Side-Lying Dumbbell Lateral Raise,Lateral / Front Raise,Shoulder Flexion,shoulder_flex,intermediate,160,UNSOURCED,unsourced,grey,UNSOURCED,
bodybuilding,bb_shoulders_single_arm_cable_lateral_raise_arm_behind_body_176,Single-Arm Cable Lateral Raise (Arm Behind Body),Lateral / Front Raise,Shoulder ER,shoulder_er,intermediate,80,UNSOURCED,unsourced,grey,UNSOURCED,
bodybuilding,bb_shoulders_single_arm_cable_lateral_raise_arm_behind_body_176,Single-Arm Cable Lateral Raise (Arm Behind Body),Lateral / Front Raise,Shoulder Flexion,shoulder_flex,intermediate,160,UNSOURCED,unsourced,grey,UNSOURCED,
bodybuilding,bb_shoulders_smith_machine_overhead_press_186,Smith Machine Overhead Press,"Overhead Press (barbell, DB, machine, Arnold, landmine)",Shoulder ER,shoulder_er,advanced,88,UNSOURCED,unsourced,grey,UNSOURCED,
bodybuilding,bb_shoulders_smith_machine_overhead_press_186,Smith Machine Overhead Press,"Overhead Press (barbell, DB, machine, Arnold, landmine)",Shoulder Flexion,shoulder_flex,advanced,175,UNSOURCED,unsourced,grey,UNSOURCED,
bodybuilding,bb_triceps_barbell_overhead_triceps_extension_standing_seat_195,Barbell Overhead Triceps Extension (Standing / Seated),"Triceps Extension (overhead, skull crusher, JM/Tate press)",Shoulder Flexion,shoulder_flex,beginner,110,UNSOURCED,unsourced,grey,UNSOURCED,
bodybuilding,bb_triceps_bench_dip_216,Bench Dip,Push-Up / Dip,Shoulder Flexion,shoulder_flex,advanced,165,PARTIAL/NOT COMPARABLE,,keep,"Dip measured: shoulder EXTENSION 88.13±8.86 deg (bench dip), 78.2 (bar dip, derived), 61.72±13.51 (ring dip) (McKenzie 2022); shoulder flexion NOT reported",P33
bodybuilding,bb_triceps_cable_bar_pushdown_pronated_grip_205,Cable Bar Pushdown (Pronated Grip),Triceps Pushdown / Kickback,Shoulder Flexion,shoulder_flex,intermediate,140,UNSOURCED,unsourced,grey,UNSOURCED,
bodybuilding,bb_triceps_cable_kickback_elbow_at_side_207,Cable Kickback (Elbow at Side),Triceps Pushdown / Kickback,Shoulder Flexion,shoulder_flex,intermediate,140,UNSOURCED,unsourced,grey,UNSOURCED,
bodybuilding,bb_triceps_cable_rope_pushdown_neutral_shoulder_204,Cable Rope Pushdown (Neutral Shoulder),Triceps Pushdown / Kickback,Shoulder Flexion,shoulder_flex,intermediate,140,UNSOURCED,unsourced,grey,UNSOURCED,
bodybuilding,bb_triceps_close_grip_bench_press_cgbp_191,Close-Grip Bench Press (CGBP),"Bench Press (flat: barbell, DB, Smith, floor, close-grip, machine, cable)",Shoulder Flexion,shoulder_flex,intermediate,140,PARTIAL/NOT COMPARABLE,,keep,"Bench press measured: elbow flexion 87.4-114.1 deg, shoulder abduction 37.9-66.1 deg, horizontal adduction 47.0-65.2 deg (Mausehund 2022); shoulder flexion NOT reported",P31
bodybuilding,bb_triceps_diamond_push_up_214,Diamond Push-Up,Push-Up / Dip,Shoulder Flexion,shoulder_flex,advanced,165,UNSOURCED,unsourced,grey,UNSOURCED,
bodybuilding,bb_triceps_dumbbell_kickback_200,Dumbbell Kickback,Triceps Pushdown / Kickback,Shoulder Flexion,shoulder_flex,advanced,165,UNSOURCED,unsourced,grey,UNSOURCED,
bodybuilding,bb_triceps_dumbbell_overhead_triceps_extension_two_hand_197,Dumbbell Overhead Triceps Extension (Two-Hand),"Triceps Extension (overhead, skull crusher, JM/Tate press)",Shoulder Flexion,shoulder_flex,intermediate,140,UNSOURCED,unsourced,grey,UNSOURCED,
bodybuilding,bb_triceps_dumbbell_skull_crusher_flat_bench_196,Dumbbell Skull Crusher (Flat Bench),"Triceps Extension (overhead, skull crusher, JM/Tate press)",Shoulder Flexion,shoulder_flex,intermediate,140,UNSOURCED,unsourced,grey,UNSOURCED,
bodybuilding,bb_triceps_ez_bar_skull_crusher_decline_bench_193,EZ Bar Skull Crusher (Decline Bench),"Triceps Extension (overhead, skull crusher, JM/Tate press)",Shoulder Flexion,shoulder_flex,beginner,110,UNSOURCED,unsourced,grey,UNSOURCED,
bodybuilding,bb_triceps_ez_bar_skull_crusher_flat_bench_192,EZ Bar Skull Crusher (Flat Bench),"Triceps Extension (overhead, skull crusher, JM/Tate press)",Shoulder Flexion,shoulder_flex,beginner,110,UNSOURCED,unsourced,grey,UNSOURCED,
bodybuilding,bb_triceps_jm_press_194,JM Press,"Triceps Extension (overhead, skull crusher, JM/Tate press)",Shoulder Flexion,shoulder_flex,intermediate,140,UNSOURCED,unsourced,grey,UNSOURCED,
bodybuilding,bb_triceps_katana_cable_triceps_extension_208,Katana Cable Triceps Extension,"Triceps Extension (overhead, skull crusher, JM/Tate press)",Shoulder Flexion,shoulder_flex,intermediate,140,UNSOURCED,unsourced,grey,UNSOURCED,
bodybuilding,bb_triceps_lying_dumbbell_triceps_extension_pullover_ext_199,Lying Dumbbell Triceps Extension (Pullover-Ext),"Triceps Extension (overhead, skull crusher, JM/Tate press)",Shoulder Flexion,shoulder_flex,intermediate,140,UNSOURCED,unsourced,grey,UNSOURCED,
bodybuilding,bb_triceps_machine_dip_assisted_or_weighted_211,Machine Dip (Assisted or Weighted),Push-Up / Dip,Shoulder Flexion,shoulder_flex,beginner,110,UNSOURCED,unsourced,grey,UNSOURCED,
bodybuilding,bb_triceps_machine_tricep_extension_overhead_shoulder_flexe_209,"Machine Tricep Extension (Overhead, Shoulder-Flexed)","Triceps Extension (overhead, skull crusher, JM/Tate press)",Shoulder Flexion,shoulder_flex,beginner,110,UNSOURCED,unsourced,grey,UNSOURCED,
bodybuilding,bb_triceps_machine_tricep_pushdown_cam_210,Machine Tricep Pushdown (Cam),Triceps Pushdown / Kickback,Shoulder Flexion,shoulder_flex,beginner,110,UNSOURCED,unsourced,grey,UNSOURCED,
bodybuilding,bb_triceps_overhead_cable_triceps_extension_rope_face_away_202,"Overhead Cable Triceps Extension (Rope, Face-Away)","Triceps Extension (overhead, skull crusher, JM/Tate press)",Shoulder Flexion,shoulder_flex,intermediate,140,UNSOURCED,unsourced,grey,UNSOURCED,
bodybuilding,bb_triceps_parallel_bar_dips_triceps_focus_213,Parallel Bar Dips (Triceps Focus),Push-Up / Dip,Shoulder Flexion,shoulder_flex,beginner,110,PARTIAL/NOT COMPARABLE,,keep,"Dip measured: shoulder EXTENSION 88.13±8.86 deg (bench dip), 78.2 (bar dip, derived), 61.72±13.51 (ring dip) (McKenzie 2022); shoulder flexion NOT reported",P33
bodybuilding,bb_triceps_pike_push_up_decline_push_up_215,Pike Push-Up / Decline Push-Up,Push-Up / Dip,Shoulder Flexion,shoulder_flex,advanced,165,UNSOURCED,unsourced,grey,UNSOURCED,
bodybuilding,bb_triceps_reverse_grip_cable_pushdown_supinated_206,Reverse Grip Cable Pushdown (Supinated),Triceps Pushdown / Kickback,Shoulder Flexion,shoulder_flex,intermediate,140,UNSOURCED,unsourced,grey,UNSOURCED,
bodybuilding,bb_triceps_single_arm_dumbbell_overhead_extension_198,Single-Arm Dumbbell Overhead Extension,"Triceps Extension (overhead, skull crusher, JM/Tate press)",Shoulder Flexion,shoulder_flex,intermediate,140,UNSOURCED,unsourced,grey,UNSOURCED,
bodybuilding,bb_triceps_single_arm_overhead_cable_extension_203,Single-Arm Overhead Cable Extension,"Triceps Extension (overhead, skull crusher, JM/Tate press)",Shoulder Flexion,shoulder_flex,intermediate,140,UNSOURCED,unsourced,grey,UNSOURCED,
bodybuilding,bb_triceps_smith_machine_close_grip_bench_press_212,Smith Machine Close-Grip Bench Press,"Bench Press (flat: barbell, DB, Smith, floor, close-grip, machine, cable)",Shoulder Flexion,shoulder_flex,intermediate,140,UNSOURCED,unsourced,grey,UNSOURCED,
bodybuilding,bb_triceps_tate_press_db_elbows_flared_201,"Tate Press (DB, Elbows Flared)","Triceps Extension (overhead, skull crusher, JM/Tate press)",Shoulder Flexion,shoulder_flex,advanced,165,UNSOURCED,unsourced,grey,UNSOURCED,
