pose_code,family,sanskrit,english,joint,direction,degrees,label,source,confidence,test_method,base_captures_joint
SUN02,Sun Salutation and vinyasa links,Urdhva Hastasana (Hasta Uttanasana),Upward Salute / Raised-Arms,Spine,Extension (lumbar and thoracic not separable),44.1 +/- 8.8,EVIDENCE,"C Mullerpatan 2019 (Int J Yoga), n=10 trained practitioners, plug-in-gait, raised-arm pose 2. Trunk angle is not anatomical zero (standing prayer pose reads 19.9 ""extension"")","Medium: observed mean, not a minimum",Proxy only: Base lumbar extension stands in; thoracic not separable. Flag 'lumbar only',unknown
SUN02,Sun Salutation and vinyasa links,Urdhva Hastasana (Hasta Uttanasana),Upward Salute / Raised-Arms,Hip,Extension,10.1 +/- 5.0,EVIDENCE,"C Mullerpatan 2019 (Int J Yoga), n=10 trained practitioners, plug-in-gait, raised-arm pose 2 (hip -10.1 +/- 4.98, negative = extension)","Medium: observed mean, not a minimum",Not measured by Base: grey 'not measured by Base'. No new test proposed,no
SUN02,Sun Salutation and vinyasa links,Urdhva Hastasana (Hasta Uttanasana),Upward Salute / Raised-Arms,Cervical,Cervical extension (paper sign negative),60.1 +/- 19.8,EVIDENCE,"C Mullerpatan 2019 (Int J Yoga), n=10 trained practitioners, plug-in-gait, raised-arm pose 2 neck. Heavy used 76 = whole-sequence peak, not this pose","Medium: observed mean, not a minimum","Seated, phone at temple (Base tests this)",yes
SUN02,Sun Salutation and vinyasa links,Urdhva Hastasana (Hasta Uttanasana),Upward Salute / Raised-Arms,Shoulder,Flexion (overhead),,UNVERIFIED,Heavy: 183 deg peak in this pose. C text gives 183-56 as the WHOLE-sequence shoulder range; C Table 1 shoulder for raised-arm pose = 7.8 +/- 17.2. Not supported for this pose,Heavy number wrong for this pose,"Standing, arm overhead, phone on upper arm (Base tests this)",yes
SUN03,Sun Salutation and vinyasa links,Uttanasana,Standing Forward Fold,Ankle,"Dorsiflexion, knee straight",,UNVERIFIED,"No paper publishes a pose requirement for this joint in this pose (joint demand listed from Heavy file 1, mechanics only)",n/a (the blank is the honest cell),Not measured by Base: grey 'not measured by Base'. No new test proposed,no
SUN03,Sun Salutation and vinyasa links,Uttanasana,Standing Forward Fold,Hip,"Flexion, knee straight",82.8 +/- 9.5,EVIDENCE,"C Mullerpatan 2019 (Int J Yoga), n=10 trained practitioners, plug-in-gait, hand-to-foot pose 10 (pose 3 = 82.6 +/- 16.1). Standing fold trunk-thigh angle, not a straight-leg raise","Medium: observed mean, not a minimum","Supine straight-leg raise, phone on shin, knee stays straight (Base tests this one)",yes
SUN03,Sun Salutation and vinyasa links,Uttanasana,Standing Forward Fold,Hip,"Flexion, knee straight",,EVIDENCE,A Mears 2018 (J Arthroplasty) abstract: forward fold stressed the hip in flexion,"Direction only, no degrees; abstract-level","Supine straight-leg raise, phone on shin, knee stays straight (Base tests this one)",yes
SUN03,Sun Salutation and vinyasa links,Uttanasana,Standing Forward Fold,Hip,"Flexion, knee straight",,UNVERIFIED,"Heavy cites A cell mean 92.8 +/- 12.0 (individuals to 114). A table not seen by Quinn (paywalled, no PMC copy)",Heavy cell unseen,"Supine straight-leg raise, phone on shin, knee stays straight (Base tests this one)",yes
SUN03,Sun Salutation and vinyasa links,Uttanasana,Standing Forward Fold,Spine,Flexion (lumbar and thoracic not separable),57.6 +/- 16.3,EVIDENCE,"C Mullerpatan 2019 (Int J Yoga), n=10 trained practitioners, plug-in-gait, pose 10 (pose 3 = 57.3 +/- 23.8)","Medium: observed mean, not a minimum",Proxy only: Base lumbar flexion stands in; thoracic not separable. Flag 'lumbar only',unknown
SUN03,Sun Salutation and vinyasa links,Uttanasana,Standing Forward Fold,Shoulder,"Shoulder flexion, arms hanging in fold",54.6 +/- 1.7,EVIDENCE,"C Mullerpatan 2019 (Int J Yoga), n=10 trained practitioners, plug-in-gait, pose 3 (arms hang in the fold; trunk-to-arm angle, Heavy row kept)","Medium: observed mean, not a minimum","Standing, arm overhead, phone on upper arm (Base tests this)",yes
SUN04,Sun Salutation and vinyasa links,Ardha Uttanasana,Halfway Lift,Hip,"Flexion, knee straight",,UNVERIFIED,"No paper publishes a pose requirement for this joint in this pose (joint demand listed from Heavy file 1, mechanics only)",n/a (the blank is the honest cell),"Supine straight-leg raise, phone on shin, knee stays straight (Base tests this one)",yes
SUN04,Sun Salutation and vinyasa links,Ardha Uttanasana,Halfway Lift,Spine,Extension (lumbar and thoracic not separable),,UNVERIFIED,"No paper publishes a pose requirement for this joint in this pose (joint demand listed from Heavy file 1, mechanics only)",n/a (the blank is the honest cell),Proxy only: Base lumbar extension stands in; thoracic not separable. Flag 'lumbar only',unknown
SUN05,Sun Salutation and vinyasa links,Phalakasana,Plank,Shoulder,Flexion (overhead),,UNVERIFIED,"No paper publishes a pose requirement for this joint in this pose (joint demand listed from Heavy file 1, mechanics only)",n/a (the blank is the honest cell),"Standing, arm overhead, phone on upper arm (Base tests this)",yes
SUN05,Sun Salutation and vinyasa links,Phalakasana,Plank,Wrist,Extension (loaded),,UNVERIFIED,"No paper publishes a pose requirement for this joint in this pose (joint demand listed from Heavy file 1, mechanics only)",n/a (the blank is the honest cell),Not measured by Base: grey 'not measured by Base'. No new test proposed,no
SUN06,Sun Salutation and vinyasa links,Chaturanga Dandasana,Four-Limbed Staff,Wrist,Extension (loaded),,UNVERIFIED,"No paper publishes a pose requirement for this joint in this pose (joint demand listed from Heavy file 1, mechanics only)",n/a (the blank is the honest cell),Not measured by Base: grey 'not measured by Base'. No new test proposed,no
SUN06,Sun Salutation and vinyasa links,Chaturanga Dandasana,Four-Limbed Staff,Elbow,Flexion,,UNVERIFIED,Heavy mapped C eight-limb pose elbow 116.3 +/- 17.0 here. C names that pose Ashtanga Namaskara (SUN09). Not shown to be chaturanga,Wrong pose,Not measured by Base: grey 'not measured by Base'. No new test proposed,no
SUN07,Sun Salutation and vinyasa links,Urdhva Mukha Svanasana,Upward-Facing Dog,Shoulder,Extension,,UNVERIFIED,"No paper publishes a pose requirement for this joint in this pose (joint demand listed from Heavy file 1, mechanics only)",n/a (the blank is the honest cell),Not measured by Base: grey 'not measured by Base'. No new test proposed,no
SUN07,Sun Salutation and vinyasa links,Urdhva Mukha Svanasana,Upward-Facing Dog,Hip,Extension,,UNVERIFIED,"No paper publishes a pose requirement for this joint in this pose (joint demand listed from Heavy file 1, mechanics only)",n/a (the blank is the honest cell),Not measured by Base: grey 'not measured by Base'. No new test proposed,no
SUN07,Sun Salutation and vinyasa links,Urdhva Mukha Svanasana,Upward-Facing Dog,Wrist,Extension (loaded),,UNVERIFIED,"No paper publishes a pose requirement for this joint in this pose (joint demand listed from Heavy file 1, mechanics only)",n/a (the blank is the honest cell),Not measured by Base: grey 'not measured by Base'. No new test proposed,no
SUN07,Sun Salutation and vinyasa links,Urdhva Mukha Svanasana,Upward-Facing Dog,Ankle,Plantarflexion,,UNVERIFIED,"No paper publishes a pose requirement for this joint in this pose (joint demand listed from Heavy file 1, mechanics only)",n/a (the blank is the honest cell),Not measured by Base: grey 'not measured by Base'. No new test proposed,no
SUN07,Sun Salutation and vinyasa links,Urdhva Mukha Svanasana,Upward-Facing Dog,Spine,Extension (lumbar and thoracic not separable),,UNVERIFIED,"Heavy mapped C cobra numbers (hip 15.2, spine 30.4) here. C measured Cobra (SUN10), not Up Dog. No Up Dog paper",Wrong pose,Proxy only: Base lumbar extension stands in; thoracic not separable. Flag 'lumbar only',unknown
SUN08,Sun Salutation and vinyasa links,Adho Mukha Svanasana,Downward-Facing Dog,Shoulder,Flexion (overhead),,UNVERIFIED,"No paper publishes a pose requirement for this joint in this pose (joint demand listed from Heavy file 1, mechanics only)",n/a (the blank is the honest cell),"Standing, arm overhead, phone on upper arm (Base tests this)",yes
SUN08,Sun Salutation and vinyasa links,Adho Mukha Svanasana,Downward-Facing Dog,Hip,"Hip flexion, plug-in-gait pelvis-thigh angle",66.8 +/- 12.6,EVIDENCE,"C Mullerpatan 2019 (Int J Yoga), n=10 trained practitioners, plug-in-gait, mountain pose 8 (Parvatasana, inverted V per paper text). Different hip method from A: paper A cell 94.5 would be a 28 degree gap","Medium: observed mean, not a minimum","Supine straight-leg raise, phone on shin, knee stays straight (Base tests this one)",yes
SUN08,Sun Salutation and vinyasa links,Adho Mukha Svanasana,Downward-Facing Dog,Ankle,"Dorsiflexion, knee straight",29.1 +/- 12.9,EVIDENCE,"C Mullerpatan 2019 (Int J Yoga), n=10 trained practitioners, plug-in-gait, mountain pose 8, dorsiflexion positive. Knee-straight dorsiflexion","Medium: observed mean, not a minimum",Not measured by Base: grey 'not measured by Base'. No new test proposed,no
SUN08,Sun Salutation and vinyasa links,Adho Mukha Svanasana,Downward-Facing Dog,Knee,Knee flexion measured (0 = straight),2.5 +/- 5.7,EVIDENCE,"C Mullerpatan 2019 (Int J Yoga), n=10 trained practitioners, plug-in-gait, mountain pose 8, knee flexion (so knees close to straight)","Medium: observed mean, not a minimum",Not measured by Base: grey 'not measured by Base'. No new test proposed,no
SUN08,Sun Salutation and vinyasa links,Adho Mukha Svanasana,Downward-Facing Dog,Hip,"Flexion, knee straight",,EVIDENCE,A Mears 2018 (J Arthroplasty) abstract: downward dog stressed the hip in flexion,"Direction only, no degrees; abstract-level","Supine straight-leg raise, phone on shin, knee stays straight (Base tests this one)",yes
SUN08,Sun Salutation and vinyasa links,Adho Mukha Svanasana,Downward-Facing Dog,Hip,"Flexion, knee straight",,UNVERIFIED,"Heavy cites A cell means 94.5 +/- 10.7 flexion, abduction min -10.8 +/- 7.5, IR max 10.6 +/- 10.2. A table not seen by Quinn",Heavy cell unseen,"Supine straight-leg raise, phone on shin, knee stays straight (Base tests this one)",yes
SUN09,Sun Salutation and vinyasa links,Ashtanga Namaskara,Knees-Chest-Chin (Eight-Limbed Salutation),Knee,Flexion,,UNVERIFIED,"No paper publishes a pose requirement for this joint in this pose (joint demand listed from Heavy file 1, mechanics only)",n/a (the blank is the honest cell),Not measured by Base: grey 'not measured by Base'. No new test proposed,no
SUN09,Sun Salutation and vinyasa links,Ashtanga Namaskara,Knees-Chest-Chin (Eight-Limbed Salutation),Elbow,Flexion,116.3 +/- 17.0,EVIDENCE,"C Mullerpatan 2019 (Int J Yoga), n=10 trained practitioners, plug-in-gait, eight-limb pose 6 (named Ashtanganamaskara). Knee 29.9 flexion in C suggests legs not knees-down: identity of the shape is not certain","Medium: observed mean, not a minimum",Not measured by Base: grey 'not measured by Base'. No new test proposed,no
SUN09,Sun Salutation and vinyasa links,Ashtanga Namaskara,Knees-Chest-Chin (Eight-Limbed Salutation),Spine,Extension (lumbar and thoracic not separable),12.9 +/- 22.1,EVIDENCE,"C Mullerpatan 2019 (Int J Yoga), n=10 trained practitioners, plug-in-gait, pose 6. SD is bigger than the mean: people differ in sign",Low: wide SD,Proxy only: Base lumbar extension stands in; thoracic not separable. Flag 'lumbar only',unknown
SUN10,Sun Salutation and vinyasa links,Bhujangasana (low = Ardha Bhujangasana),Cobra,Shoulder,Extension,,UNVERIFIED,"No paper publishes a pose requirement for this joint in this pose (joint demand listed from Heavy file 1, mechanics only)",n/a (the blank is the honest cell),Not measured by Base: grey 'not measured by Base'. No new test proposed,no
SUN10,Sun Salutation and vinyasa links,Bhujangasana (low = Ardha Bhujangasana),Cobra,Hip,Extension,15.2 +/- 7.8,EVIDENCE,"C Mullerpatan 2019 (Int J Yoga), n=10 trained practitioners, plug-in-gait, cobra pose 7","Medium: observed mean, not a minimum",Not measured by Base: grey 'not measured by Base'. No new test proposed,no
SUN10,Sun Salutation and vinyasa links,Bhujangasana (low = Ardha Bhujangasana),Cobra,Spine,Extension (lumbar and thoracic not separable),30.4 +/- 40.5,EVIDENCE,"C Mullerpatan 2019 (Int J Yoga), n=10 trained practitioners, plug-in-gait, pose 7. SD larger than mean",Low: wide SD,Proxy only: Base lumbar extension stands in; thoracic not separable. Flag 'lumbar only',unknown
SUN10,Sun Salutation and vinyasa links,Bhujangasana (low = Ardha Bhujangasana),Cobra,Cervical,Cervical extension (paper sign negative),76.9 +/- 17.0,EVIDENCE,"C Mullerpatan 2019 (Int J Yoga), n=10 trained practitioners, plug-in-gait, cobra pose 7 neck (abstract peak 76)","Medium: observed mean, not a minimum","Seated, phone at temple (Base tests this)",yes
SUN11,Sun Salutation and vinyasa links,Anjaneyasana,Low Lunge,Hip,Extension - back leg,,UNVERIFIED,"No paper publishes a pose requirement for this joint in this pose (joint demand listed from Heavy file 1, mechanics only)",n/a (the blank is the honest cell),Not measured by Base: grey 'not measured by Base'. No new test proposed,no
SUN11,Sun Salutation and vinyasa links,Anjaneyasana,Low Lunge,Ankle,"Dorsiflexion, knee bent - front leg",,UNVERIFIED,"No paper publishes a pose requirement for this joint in this pose (joint demand listed from Heavy file 1, mechanics only)",n/a (the blank is the honest cell),Base knee-to-wall lunge (recorded in cm today; needs degrees: known bug),yes
SUN11,Sun Salutation and vinyasa links,Anjaneyasana,Low Lunge,Knee,Flexion - front leg,,UNVERIFIED,"No paper publishes a pose requirement for this joint in this pose (joint demand listed from Heavy file 1, mechanics only)",n/a (the blank is the honest cell),Not measured by Base: grey 'not measured by Base'. No new test proposed,no
SUN11,Sun Salutation and vinyasa links,Anjaneyasana,Low Lunge,Hip,"Flexion, knee bent",,UNVERIFIED,Heavy mapped C equestrian pose here. C names it Ashwa Sanchalanasana (SUN12). Low lunge with back knee down is not shown in any paper,Wrong pose,Base tests straight-leg raise instead (different movement). Bent-knee hip flexion is NOT measured by Base: grey 'not measured by Base'. No new test proposed,no
SUN12,Sun Salutation and vinyasa links,Ashwa Sanchalanasana,"Equestrian (Lunge, back knee up)",Hip,"Hip flexion, front leg",134.4 +/- 23.0,EVIDENCE,"C Mullerpatan 2019 (Int J Yoga), n=10 trained practitioners, plug-in-gait, equestrian, front hip, one side (text). Table 1 shows about 140 for poses 4 and 9. Above the 120 NORM: a descriptive peak, not a limit","Medium: observed mean, not a minimum",Base tests straight-leg raise instead (different movement). Bent-knee hip flexion is NOT measured by Base: grey 'not measured by Base'. No new test proposed,no
SUN12,Sun Salutation and vinyasa links,Ashwa Sanchalanasana,"Equestrian (Lunge, back knee up)",Hip,"Extension, back leg",,UNVERIFIED,C text: the other (back) hip averaged 15.6 +/- 0.31 FLEXION; half the group reached extension. No extension mean,No extension number,Not measured by Base: grey 'not measured by Base'. No new test proposed,no
SUN13,Sun Salutation and vinyasa links,Utkatasana,Chair,Hip,"Flexion, knee bent",,UNVERIFIED,"No paper publishes a pose requirement for this joint in this pose (joint demand listed from Heavy file 1, mechanics only)",n/a (the blank is the honest cell),Base tests straight-leg raise instead (different movement). Bent-knee hip flexion is NOT measured by Base: grey 'not measured by Base'. No new test proposed,no
SUN13,Sun Salutation and vinyasa links,Utkatasana,Chair,Knee,Flexion,,UNVERIFIED,"No paper publishes a pose requirement for this joint in this pose (joint demand listed from Heavy file 1, mechanics only)",n/a (the blank is the honest cell),Not measured by Base: grey 'not measured by Base'. No new test proposed,no
SUN13,Sun Salutation and vinyasa links,Utkatasana,Chair,Ankle,"Dorsiflexion, knee bent",,UNVERIFIED,"No paper publishes a pose requirement for this joint in this pose (joint demand listed from Heavy file 1, mechanics only)",n/a (the blank is the honest cell),Base knee-to-wall lunge (recorded in cm today; needs degrees: known bug),yes
SUN13,Sun Salutation and vinyasa links,Utkatasana,Chair,Shoulder,Flexion (overhead),,UNVERIFIED,"No paper publishes a pose requirement for this joint in this pose (joint demand listed from Heavy file 1, mechanics only)",n/a (the blank is the honest cell),"Standing, arm overhead, phone on upper arm (Base tests this)",yes
SUN14,Sun Salutation and vinyasa links,Virabhadrasana I,Warrior I,Knee,Flexion - front leg,,UNVERIFIED,"No paper publishes a pose requirement for this joint in this pose (joint demand listed from Heavy file 1, mechanics only)",n/a (the blank is the honest cell),Not measured by Base: grey 'not measured by Base'. No new test proposed,no
SUN14,Sun Salutation and vinyasa links,Virabhadrasana I,Warrior I,Shoulder,Flexion (overhead),,UNVERIFIED,"No paper publishes a pose requirement for this joint in this pose (joint demand listed from Heavy file 1, mechanics only)",n/a (the blank is the honest cell),"Standing, arm overhead, phone on upper arm (Base tests this)",yes
SUN14,Sun Salutation and vinyasa links,Virabhadrasana I,Warrior I,Spine,Extension (lumbar and thoracic not separable),,UNVERIFIED,"No paper publishes a pose requirement for this joint in this pose (joint demand listed from Heavy file 1, mechanics only)",n/a (the blank is the honest cell),Proxy only: Base lumbar extension stands in; thoracic not separable. Flag 'lumbar only',unknown
SUN14,Sun Salutation and vinyasa links,Virabhadrasana I,Warrior I,Hip,"Extension, back leg",,EVIDENCE,A Mears 2018 (J Arthroplasty) abstract: warrior 1 stressed the hip in extension,"Direction only, no degrees; abstract-level",Not measured by Base: grey 'not measured by Base'. No new test proposed,no
SUN14,Sun Salutation and vinyasa links,Virabhadrasana I,Warrior I,Ankle,"Ankle sagittal, front foot (paper sign: + dorsiflexion, - plantarflexion)",-13.8 (SD 3.3),EVIDENCE,"B Mears 2019 (Foot), n=20, mean of mid-hold. Front foot, paper sign: negative = PLANTARFLEXION. Heavy dropped the sign. Odd for a bent front knee; sign convention unresolved",Low: sign unresolved,Base knee-to-wall lunge (recorded in cm today; needs degrees: known bug),yes
SUN14,Sun Salutation and vinyasa links,Virabhadrasana I,Warrior I,Ankle,"Ankle sagittal, back foot (paper sign: + dorsiflexion)",+16.4 (SD 2.7),EVIDENCE,"B Mears 2019 (Foot), n=20, mean of mid-hold. Back foot, paper sign: + dorsiflexion. B text says 13.5 +/- 2.7 for the same cell (paper disagrees with itself)",Low: text and table disagree,Base knee-to-wall lunge (recorded in cm today; needs degrees: known bug),yes
SUN14,Sun Salutation and vinyasa links,Virabhadrasana I,Warrior I,Hip,"Flexion, knee bent",,UNVERIFIED,"Heavy cites A cell means front hip flexion 75.4 +/- 17.0, back hip extension -24.2 +/- 10.6. A table not seen. Heavy ankle back ""13.4 +/- 0.5"" matches nothing in B (NOT FOUND)",Heavy cell unseen / wrong,Base tests straight-leg raise instead (different movement). Bent-knee hip flexion is NOT measured by Base: grey 'not measured by Base'. No new test proposed,no
SUN15,Sun Salutation and vinyasa links,Pranamasana,Prayer Pose,Wrist,Extension (loaded),66.4 +/- 22.2,EVIDENCE,"C Mullerpatan 2019 (Int J Yoga), n=10 trained practitioners, plug-in-gait, salutation pose 1 (palms together)","Medium: observed mean, not a minimum",Not measured by Base: grey 'not measured by Base'. No new test proposed,no
SUN15,Sun Salutation and vinyasa links,Pranamasana,Prayer Pose,Elbow,Flexion,112.5 +/- 7.0,EVIDENCE,"C Mullerpatan 2019 (Int J Yoga), n=10 trained practitioners, plug-in-gait, pose 1","Medium: observed mean, not a minimum",Not measured by Base: grey 'not measured by Base'. No new test proposed,no
STD01,Standing,Vrksasana,Tree,Hip,External rotation - lifted leg,,UNVERIFIED,"No paper publishes a pose requirement for this joint in this pose (joint demand listed from Heavy file 1, mechanics only)",n/a (the blank is the honest cell),"Seated, hip and knee at 90, shin swings inward, phone on shin (Base tests this). Coarse: pose end-range is a different position",yes
STD01,Standing,Vrksasana,Tree,Hip,"Flexion, knee bent - lifted leg",,UNVERIFIED,"No paper publishes a pose requirement for this joint in this pose (joint demand listed from Heavy file 1, mechanics only)",n/a (the blank is the honest cell),Base tests straight-leg raise instead (different movement). Bent-knee hip flexion is NOT measured by Base: grey 'not measured by Base'. No new test proposed,no
STD01,Standing,Vrksasana,Tree,Knee,Flexion - lifted leg,,UNVERIFIED,"No paper publishes a pose requirement for this joint in this pose (joint demand listed from Heavy file 1, mechanics only)",n/a (the blank is the honest cell),Not measured by Base: grey 'not measured by Base'. No new test proposed,no
STD01,Standing,Vrksasana,Tree,Ankle,"Ankle sagittal, stance foot (paper sign: + dorsiflexion, - plantarflexion)",-1.5 (1.3),EVIDENCE,"B Mears 2019 (Foot), n=20, mean of mid-hold. About neutral; tree asks little of the stance ankle in sagittal plane in this sample","Medium: observed, not a minimum",Base knee-to-wall lunge (recorded in cm today; needs degrees: known bug),yes
STD02,Standing,Virabhadrasana II,Warrior II,Hip,External rotation - front leg,,UNVERIFIED,"No paper publishes a pose requirement for this joint in this pose (joint demand listed from Heavy file 1, mechanics only)",n/a (the blank is the honest cell),"Seated, hip and knee at 90, shin swings inward, phone on shin (Base tests this). Coarse: pose end-range is a different position",yes
STD02,Standing,Virabhadrasana II,Warrior II,Shoulder,Abduction,,UNVERIFIED,"No paper publishes a pose requirement for this joint in this pose (joint demand listed from Heavy file 1, mechanics only)",n/a (the blank is the honest cell),Not measured by Base: grey 'not measured by Base'. No new test proposed,no
STD02,Standing,Virabhadrasana II,Warrior II,Hip,Hip flexion peak,120.8 +/- 12.6,EVIDENCE,"D Whissell 2021, n=13 women Yoga Alliance certified, dominant leg, peak over the movement cycle. Which leg role (front/back) not stated; hip flexion of 120 is higher than a bent front thigh would suggest, check method","Medium: observed mean, not a minimum; method unclear",Base tests straight-leg raise instead (different movement). Bent-knee hip flexion is NOT measured by Base: grey 'not measured by Base'. No new test proposed,no
STD02,Standing,Virabhadrasana II,Warrior II,Knee,Knee flexion peak,67.7 +/- 19.9,EVIDENCE,"D Whissell 2021, n=13 women Yoga Alliance certified, dominant leg, peak over the movement cycle","Medium: observed mean, not a minimum",Not measured by Base: grey 'not measured by Base'. No new test proposed,no
STD02,Standing,Virabhadrasana II,Warrior II,Ankle,Ankle dorsiflexion peak,10.4 +/- 5.4,EVIDENCE,"D Whissell 2021, n=13 women Yoga Alliance certified, dominant leg, peak over the movement cycle","Medium: observed mean, not a minimum",Base knee-to-wall lunge (recorded in cm today; needs degrees: known bug),yes
STD02,Standing,Virabhadrasana II,Warrior II,Ankle,"Ankle sagittal, front foot (paper sign: + dorsiflexion)",-11.7 (2.6),EVIDENCE,"B Mears 2019 (Foot), n=20, mean of mid-hold. Front foot negative = plantarflexion in paper sign; back foot +12.6 (2.8) dorsiflexion",Low: sign unresolved,Base knee-to-wall lunge (recorded in cm today; needs degrees: known bug),yes
STD02,Standing,Virabhadrasana II,Warrior II,Hip,Extension,,EVIDENCE,A Mears 2018 (J Arthroplasty) abstract: warrior 2 stressed the hip in extension,"Direction only, no degrees; abstract-level",Not measured by Base: grey 'not measured by Base'. No new test proposed,no
STD02,Standing,Virabhadrasana II,Warrior II,Hip,Frontal-plane hip (D sign: negative = adduction per paper note),,UNVERIFIED,"D frontal-plane hip min -55.3 +/- 6.4 (Heavy called it abduction). D table note says negative = ADDUCTION. Direction conflicts with the pose, so direction unresolved",Direction unresolved,"Standing, leg out to side, phone on front of thigh (Base tests this)",yes
STD03,Standing,Virabhadrasana III,Warrior III,Hip,Extension - lifted leg,,UNVERIFIED,"No paper publishes a pose requirement for this joint in this pose (joint demand listed from Heavy file 1, mechanics only)",n/a (the blank is the honest cell),Not measured by Base: grey 'not measured by Base'. No new test proposed,no
STD03,Standing,Virabhadrasana III,Warrior III,Hip,"Flexion, knee bent - standing leg",,UNVERIFIED,"No paper publishes a pose requirement for this joint in this pose (joint demand listed from Heavy file 1, mechanics only)",n/a (the blank is the honest cell),Base tests straight-leg raise instead (different movement). Bent-knee hip flexion is NOT measured by Base: grey 'not measured by Base'. No new test proposed,no
STD03,Standing,Virabhadrasana III,Warrior III,Shoulder,Flexion (overhead),,UNVERIFIED,"No paper publishes a pose requirement for this joint in this pose (joint demand listed from Heavy file 1, mechanics only)",n/a (the blank is the honest cell),"Standing, arm overhead, phone on upper arm (Base tests this)",yes
STD04,Standing,Utthita Trikonasana,Extended Triangle,Spine,Lateral flexion,,UNVERIFIED,"No paper publishes a pose requirement for this joint in this pose (joint demand listed from Heavy file 1, mechanics only)",n/a (the blank is the honest cell),Not measured by Base: grey 'not measured by Base'. No new test proposed,no
STD04,Standing,Utthita Trikonasana,Extended Triangle,Shoulder,Abduction,,UNVERIFIED,"No paper publishes a pose requirement for this joint in this pose (joint demand listed from Heavy file 1, mechanics only)",n/a (the blank is the honest cell),Not measured by Base: grey 'not measured by Base'. No new test proposed,no
STD04,Standing,Utthita Trikonasana,Extended Triangle,Hip,Hip flexion peak,121.8 +/- 11.8,EVIDENCE,"D Whissell 2021, n=13 women Yoga Alliance certified, dominant leg, peak over the movement cycle. Peak over the cycle","Medium: observed mean, not a minimum",Base tests straight-leg raise instead (different movement). Bent-knee hip flexion is NOT measured by Base: grey 'not measured by Base'. No new test proposed,no
STD04,Standing,Utthita Trikonasana,Extended Triangle,Knee,Knee flexion peak,59.2 +/- 23.5,EVIDENCE,"D Whissell 2021, n=13 women Yoga Alliance certified, dominant leg, peak over the movement cycle","Medium: observed mean, not a minimum",Not measured by Base: grey 'not measured by Base'. No new test proposed,no
STD04,Standing,Utthita Trikonasana,Extended Triangle,Knee,Knee extension past zero,-9.5 +/- 6.1 (paper sign: negative = extension past 0),EVIDENCE,"D Whissell 2021, n=13 women Yoga Alliance certified, dominant leg, peak over the movement cycle. Abstract: knee travelled into 9.5 degrees of extension (hyperextension), which is a note, not a target","Medium: observed mean, not a minimum",Not measured by Base: grey 'not measured by Base'. No new test proposed,no
STD04,Standing,Utthita Trikonasana,Extended Triangle,Ankle,Ankle dorsiflexion peak (min -38.3 +/- 7.5 plantarflexion),8.1 +/- 9.2,EVIDENCE,"D Whissell 2021, n=13 women Yoga Alliance certified, dominant leg, peak over the movement cycle","Medium: observed mean, not a minimum",Not measured by Base: grey 'not measured by Base'. No new test proposed,no
STD04,Standing,Utthita Trikonasana,Extended Triangle,Ankle,"Ankle sagittal, front foot (paper sign: - plantarflexion)",-15.8 (1.2),EVIDENCE,"B Mears 2019 (Foot), n=20, mean of mid-hold. Largest plantarflexion in B; back foot -2.1 (1.2)","Medium: observed mean, not a minimum",Not measured by Base: grey 'not measured by Base'. No new test proposed,no
STD04,Standing,Utthita Trikonasana,Extended Triangle,Hip,Extension,,EVIDENCE,A Mears 2018 (J Arthroplasty) abstract: triangle stressed the hip in extension,"Direction only, no degrees; abstract-level",Not measured by Base: grey 'not measured by Base'. No new test proposed,no
STD04,Standing,Utthita Trikonasana,Extended Triangle,Hip,Internal rotation,,EVIDENCE,A Mears 2018 (J Arthroplasty) abstract: triangle produced more hip internal rotation,"Direction only, no degrees; abstract-level","Seated, hip and knee at 90, shin swings outward, phone on shin (Base tests this)",yes
STD04,Standing,Utthita Trikonasana,Extended Triangle,Hip,Frontal-plane hip (D sign: negative = adduction per paper note),,UNVERIFIED,D frontal-plane hip min -60.3 +/- 6.1. Same sign problem as warrior II (D note: negative = adduction),Direction unresolved,"Standing, leg out to side, phone on front of thigh (Base tests this)",yes
STD05,Standing,Utthita Parsvakonasana,Extended Side Angle,Knee,Flexion - front leg,,UNVERIFIED,"No paper publishes a pose requirement for this joint in this pose (joint demand listed from Heavy file 1, mechanics only)",n/a (the blank is the honest cell),Not measured by Base: grey 'not measured by Base'. No new test proposed,no
STD05,Standing,Utthita Parsvakonasana,Extended Side Angle,Hip,Abduction,,UNVERIFIED,"No paper publishes a pose requirement for this joint in this pose (joint demand listed from Heavy file 1, mechanics only)",n/a (the blank is the honest cell),"Standing, leg out to side, phone on front of thigh (Base tests this)",yes
STD05,Standing,Utthita Parsvakonasana,Extended Side Angle,Spine,Lateral flexion,,UNVERIFIED,"No paper publishes a pose requirement for this joint in this pose (joint demand listed from Heavy file 1, mechanics only)",n/a (the blank is the honest cell),Not measured by Base: grey 'not measured by Base'. No new test proposed,no
STD05,Standing,Utthita Parsvakonasana,Extended Side Angle,Shoulder,Flexion (overhead),,UNVERIFIED,"No paper publishes a pose requirement for this joint in this pose (joint demand listed from Heavy file 1, mechanics only)",n/a (the blank is the honest cell),"Standing, arm overhead, phone on upper arm (Base tests this)",yes
STD06,Standing,Ardha Chandrasana,Half Moon,Hip,Abduction - lifted leg,,UNVERIFIED,"No paper publishes a pose requirement for this joint in this pose (joint demand listed from Heavy file 1, mechanics only)",n/a (the blank is the honest cell),"Standing, leg out to side, phone on front of thigh (Base tests this)",yes
STD06,Standing,Ardha Chandrasana,Half Moon,Spine,Lateral flexion,,UNVERIFIED,"No paper publishes a pose requirement for this joint in this pose (joint demand listed from Heavy file 1, mechanics only)",n/a (the blank is the honest cell),Not measured by Base: grey 'not measured by Base'. No new test proposed,no
STD06,Standing,Ardha Chandrasana,Half Moon,Ankle,"Ankle sagittal, stance foot (paper sign: - plantarflexion)",-6.4 (1.7),EVIDENCE,"B Mears 2019 (Foot), n=20, mean of mid-hold","Medium: observed mean, not a minimum",Base knee-to-wall lunge (recorded in cm today; needs degrees: known bug),yes
STD06,Standing,Ardha Chandrasana,Half Moon,Hip,Internal rotation,,EVIDENCE,A Mears 2018 (J Arthroplasty) abstract: half moon produced more hip internal rotation,"Direction only, no degrees; abstract-level","Seated, hip and knee at 90, shin swings outward, phone on shin (Base tests this)",yes
STD06,Standing,Ardha Chandrasana,Half Moon,Hip,Flexion,,UNVERIFIED,"Heavy: ""half moon averaged over 90 degrees flexion"". Not in A abstract (flexion list = downward dog, forward fold, seated twist, pigeon). Not confirmed",Not in abstract,Base tests straight-leg raise instead (different movement). Bent-knee hip flexion is NOT measured by Base: grey 'not measured by Base'. No new test proposed,no
STD07,Standing,Parivrtta Ardha Chandrasana,Revolved Half Moon,Hip,"Flexion, knee bent - standing leg",,UNVERIFIED,"No paper publishes a pose requirement for this joint in this pose (joint demand listed from Heavy file 1, mechanics only)",n/a (the blank is the honest cell),Base tests straight-leg raise instead (different movement). Bent-knee hip flexion is NOT measured by Base: grey 'not measured by Base'. No new test proposed,no
STD07,Standing,Parivrtta Ardha Chandrasana,Revolved Half Moon,Spine,Rotation (thoracic),,UNVERIFIED,"No paper publishes a pose requirement for this joint in this pose (joint demand listed from Heavy file 1, mechanics only)",n/a (the blank is the honest cell),Not measured by Base: grey 'not measured by Base'. No new test proposed,no
STD08,Standing,Parsvottanasana,Pyramid / Intense Side Stretch,Hip,"Flexion, knee straight - front leg",,UNVERIFIED,"No paper publishes a pose requirement for this joint in this pose (joint demand listed from Heavy file 1, mechanics only)",n/a (the blank is the honest cell),"Supine straight-leg raise, phone on shin, knee stays straight (Base tests this one)",yes
STD08,Standing,Parsvottanasana,Pyramid / Intense Side Stretch,Hip,Extension - back leg,,UNVERIFIED,"No paper publishes a pose requirement for this joint in this pose (joint demand listed from Heavy file 1, mechanics only)",n/a (the blank is the honest cell),Not measured by Base: grey 'not measured by Base'. No new test proposed,no
STD08,Standing,Parsvottanasana,Pyramid / Intense Side Stretch,Spine,Flexion (lumbar and thoracic not separable),,UNVERIFIED,"No paper publishes a pose requirement for this joint in this pose (joint demand listed from Heavy file 1, mechanics only)",n/a (the blank is the honest cell),Proxy only: Base lumbar flexion stands in; thoracic not separable. Flag 'lumbar only',unknown
STD09,Standing,Prasarita Padottanasana (A/B),Wide-Legged Forward Fold,Hip,Abduction,,UNVERIFIED,"No paper publishes a pose requirement for this joint in this pose (joint demand listed from Heavy file 1, mechanics only)",n/a (the blank is the honest cell),"Standing, leg out to side, phone on front of thigh (Base tests this)",yes
STD09,Standing,Prasarita Padottanasana (A/B),Wide-Legged Forward Fold,Hip,"Flexion, knee straight",,UNVERIFIED,"No paper publishes a pose requirement for this joint in this pose (joint demand listed from Heavy file 1, mechanics only)",n/a (the blank is the honest cell),"Supine straight-leg raise, phone on shin, knee stays straight (Base tests this one)",yes
STD09,Standing,Prasarita Padottanasana (A/B),Wide-Legged Forward Fold,Spine,Flexion (lumbar and thoracic not separable),,UNVERIFIED,"No paper publishes a pose requirement for this joint in this pose (joint demand listed from Heavy file 1, mechanics only)",n/a (the blank is the honest cell),Proxy only: Base lumbar flexion stands in; thoracic not separable. Flag 'lumbar only',unknown
STD10,Standing,Utthita Hasta Padangusthasana,Extended Hand-to-Big-Toe,Hip,"Flexion, knee straight - lifted leg",,UNVERIFIED,"No paper publishes a pose requirement for this joint in this pose (joint demand listed from Heavy file 1, mechanics only)",n/a (the blank is the honest cell),"Supine straight-leg raise, phone on shin, knee stays straight (Base tests this one)",yes
STD10,Standing,Utthita Hasta Padangusthasana,Extended Hand-to-Big-Toe,Shoulder,Flexion (overhead),,UNVERIFIED,"No paper publishes a pose requirement for this joint in this pose (joint demand listed from Heavy file 1, mechanics only)",n/a (the blank is the honest cell),"Standing, arm overhead, phone on upper arm (Base tests this)",yes
STD11,Standing,Utthita Parsva Hasta Padangusthasana,Extended Side Hand-to-Big-Toe,Hip,Abduction - lifted leg,,UNVERIFIED,"No paper publishes a pose requirement for this joint in this pose (joint demand listed from Heavy file 1, mechanics only)",n/a (the blank is the honest cell),"Standing, leg out to side, phone on front of thigh (Base tests this)",yes
STD11,Standing,Utthita Parsva Hasta Padangusthasana,Extended Side Hand-to-Big-Toe,Knee,Extension (to straight) - lifted leg,,UNVERIFIED,"No paper publishes a pose requirement for this joint in this pose (joint demand listed from Heavy file 1, mechanics only)",n/a (the blank is the honest cell),Not measured by Base: grey 'not measured by Base'. No new test proposed,no
STD12,Standing,Garudasana,Eagle,Hip,"Flexion, knee bent",,UNVERIFIED,"No paper publishes a pose requirement for this joint in this pose (joint demand listed from Heavy file 1, mechanics only)",n/a (the blank is the honest cell),Base tests straight-leg raise instead (different movement). Bent-knee hip flexion is NOT measured by Base: grey 'not measured by Base'. No new test proposed,no
STD12,Standing,Garudasana,Eagle,Knee,Flexion,,UNVERIFIED,"No paper publishes a pose requirement for this joint in this pose (joint demand listed from Heavy file 1, mechanics only)",n/a (the blank is the honest cell),Not measured by Base: grey 'not measured by Base'. No new test proposed,no
STD12,Standing,Garudasana,Eagle,Shoulder,Adduction across body,,UNVERIFIED,"No paper publishes a pose requirement for this joint in this pose (joint demand listed from Heavy file 1, mechanics only)",n/a (the blank is the honest cell),Not measured by Base: grey 'not measured by Base'. No new test proposed,no
STD12,Standing,Garudasana,Eagle,Ankle,"Ankle sagittal, stance foot (paper sign: + dorsiflexion)",+10.2 (2.3),EVIDENCE,"B Mears 2019 (Foot), n=20, mean of mid-hold","Medium: observed mean, not a minimum",Base knee-to-wall lunge (recorded in cm today; needs degrees: known bug),yes
STD12,Standing,Garudasana,Eagle,Hip,Adduction,,EVIDENCE,A Mears 2018 (J Arthroplasty) abstract: eagle put the hip in higher adduction,"Direction only, no degrees; abstract-level",Not measured by Base: grey 'not measured by Base'. No new test proposed,no
STD12,Standing,Garudasana,Eagle,Hip,Internal rotation,,EVIDENCE,A Mears 2018 (J Arthroplasty) abstract: eagle produced more hip internal rotation,"Direction only, no degrees; abstract-level","Seated, hip and knee at 90, shin swings outward, phone on shin (Base tests this)",yes
STD13,Standing,Natarajasana,Dancer (Lord of the Dance),Hip,Extension - lifted leg,,UNVERIFIED,"No paper publishes a pose requirement for this joint in this pose (joint demand listed from Heavy file 1, mechanics only)",n/a (the blank is the honest cell),Not measured by Base: grey 'not measured by Base'. No new test proposed,no
STD13,Standing,Natarajasana,Dancer (Lord of the Dance),Knee,Flexion - lifted leg,,UNVERIFIED,"No paper publishes a pose requirement for this joint in this pose (joint demand listed from Heavy file 1, mechanics only)",n/a (the blank is the honest cell),Not measured by Base: grey 'not measured by Base'. No new test proposed,no
STD13,Standing,Natarajasana,Dancer (Lord of the Dance),Shoulder,Flexion (overhead),,UNVERIFIED,"No paper publishes a pose requirement for this joint in this pose (joint demand listed from Heavy file 1, mechanics only)",n/a (the blank is the honest cell),"Standing, arm overhead, phone on upper arm (Base tests this)",yes
STD13,Standing,Natarajasana,Dancer (Lord of the Dance),Spine,Extension (lumbar and thoracic not separable),,UNVERIFIED,"No paper publishes a pose requirement for this joint in this pose (joint demand listed from Heavy file 1, mechanics only)",n/a (the blank is the honest cell),Proxy only: Base lumbar extension stands in; thoracic not separable. Flag 'lumbar only',unknown
STD14,Standing,Ashta Chandrasana,High Crescent Lunge,Shoulder,Flexion (overhead),,UNVERIFIED,"No paper publishes a pose requirement for this joint in this pose (joint demand listed from Heavy file 1, mechanics only)",n/a (the blank is the honest cell),"Standing, arm overhead, phone on upper arm (Base tests this)",yes
STD14,Standing,Ashta Chandrasana,High Crescent Lunge,Spine,Extension (lumbar and thoracic not separable),,UNVERIFIED,"No paper publishes a pose requirement for this joint in this pose (joint demand listed from Heavy file 1, mechanics only)",n/a (the blank is the honest cell),Proxy only: Base lumbar extension stands in; thoracic not separable. Flag 'lumbar only',unknown
STD14,Standing,Ashta Chandrasana,High Crescent Lunge,Hip,Hip flexion peak,121.3 +/- 10.4,EVIDENCE,"D Whissell 2021, n=13 women Yoga Alliance certified, dominant leg, peak over the movement cycle. D calls it crescent lunge; leg role not stated","Medium: observed mean, not a minimum",Base tests straight-leg raise instead (different movement). Bent-knee hip flexion is NOT measured by Base: grey 'not measured by Base'. No new test proposed,no
STD14,Standing,Ashta Chandrasana,High Crescent Lunge,Knee,Knee flexion peak,73.8 +/- 17.6,EVIDENCE,"D Whissell 2021, n=13 women Yoga Alliance certified, dominant leg, peak over the movement cycle","Medium: observed mean, not a minimum",Not measured by Base: grey 'not measured by Base'. No new test proposed,no
STD14,Standing,Ashta Chandrasana,High Crescent Lunge,Ankle,"Ankle dorsiflexion peak, front foot",+9.6 (2.4),EVIDENCE,"B Mears 2019 (Foot), n=20, mean of mid-hold. Back foot +8.5 (2.4). D ankle peak 9.1 +/- 7.3","Medium: observed mean, not a minimum",Base knee-to-wall lunge (recorded in cm today; needs degrees: known bug),yes
STD14,Standing,Ashta Chandrasana,High Crescent Lunge,Hip,"Extension, back leg",,EVIDENCE,A Mears 2018 (J Arthroplasty) abstract: crescent lunge stressed the hip in extension,"Direction only, no degrees; abstract-level",Not measured by Base: grey 'not measured by Base'. No new test proposed,no
STD15,Standing,Viparita Virabhadrasana,Reverse Warrior,Knee,Flexion - front leg,,UNVERIFIED,"No paper publishes a pose requirement for this joint in this pose (joint demand listed from Heavy file 1, mechanics only)",n/a (the blank is the honest cell),Not measured by Base: grey 'not measured by Base'. No new test proposed,no
STD15,Standing,Viparita Virabhadrasana,Reverse Warrior,Spine,Lateral flexion,,UNVERIFIED,"No paper publishes a pose requirement for this joint in this pose (joint demand listed from Heavy file 1, mechanics only)",n/a (the blank is the honest cell),Not measured by Base: grey 'not measured by Base'. No new test proposed,no
STD15,Standing,Viparita Virabhadrasana,Reverse Warrior,Shoulder,Flexion (overhead),,UNVERIFIED,"No paper publishes a pose requirement for this joint in this pose (joint demand listed from Heavy file 1, mechanics only)",n/a (the blank is the honest cell),"Standing, arm overhead, phone on upper arm (Base tests this)",yes
STD16,Standing,Baddha Virabhadrasana,Humble Warrior,Knee,Flexion - front leg,,UNVERIFIED,"No paper publishes a pose requirement for this joint in this pose (joint demand listed from Heavy file 1, mechanics only)",n/a (the blank is the honest cell),Not measured by Base: grey 'not measured by Base'. No new test proposed,no
STD16,Standing,Baddha Virabhadrasana,Humble Warrior,Spine,Flexion (lumbar and thoracic not separable),,UNVERIFIED,"No paper publishes a pose requirement for this joint in this pose (joint demand listed from Heavy file 1, mechanics only)",n/a (the blank is the honest cell),Proxy only: Base lumbar flexion stands in; thoracic not separable. Flag 'lumbar only',unknown
STD16,Standing,Baddha Virabhadrasana,Humble Warrior,Shoulder,Internal rotation / extension behind the back (bind),,UNVERIFIED,"No paper publishes a pose requirement for this joint in this pose (joint demand listed from Heavy file 1, mechanics only)",n/a (the blank is the honest cell),Not measured by Base: grey 'not measured by Base'. No new test proposed,no
STD17,Standing,Skandasana,Side Lunge,Knee,Flexion,,UNVERIFIED,"No paper publishes a pose requirement for this joint in this pose (joint demand listed from Heavy file 1, mechanics only)",n/a (the blank is the honest cell),Not measured by Base: grey 'not measured by Base'. No new test proposed,no
STD17,Standing,Skandasana,Side Lunge,Hip,Abduction,,UNVERIFIED,"No paper publishes a pose requirement for this joint in this pose (joint demand listed from Heavy file 1, mechanics only)",n/a (the blank is the honest cell),"Standing, leg out to side, phone on front of thigh (Base tests this)",yes
STD17,Standing,Skandasana,Side Lunge,Knee,Extension (to straight),,UNVERIFIED,"No paper publishes a pose requirement for this joint in this pose (joint demand listed from Heavy file 1, mechanics only)",n/a (the blank is the honest cell),Not measured by Base: grey 'not measured by Base'. No new test proposed,no
STD17,Standing,Skandasana,Side Lunge,Ankle,"Dorsiflexion, knee bent",,UNVERIFIED,"No paper publishes a pose requirement for this joint in this pose (joint demand listed from Heavy file 1, mechanics only)",n/a (the blank is the honest cell),Base knee-to-wall lunge (recorded in cm today; needs degrees: known bug),yes
STD18,Standing,Utkata Konasana,Goddess,Hip,External rotation,,UNVERIFIED,"No paper publishes a pose requirement for this joint in this pose (joint demand listed from Heavy file 1, mechanics only)",n/a (the blank is the honest cell),"Seated, hip and knee at 90, shin swings inward, phone on shin (Base tests this). Coarse: pose end-range is a different position",yes
STD18,Standing,Utkata Konasana,Goddess,Hip,Abduction,,UNVERIFIED,"No paper publishes a pose requirement for this joint in this pose (joint demand listed from Heavy file 1, mechanics only)",n/a (the blank is the honest cell),"Standing, leg out to side, phone on front of thigh (Base tests this)",yes
STD18,Standing,Utkata Konasana,Goddess,Knee,Flexion,,UNVERIFIED,"No paper publishes a pose requirement for this joint in this pose (joint demand listed from Heavy file 1, mechanics only)",n/a (the blank is the honest cell),Not measured by Base: grey 'not measured by Base'. No new test proposed,no
STD18,Standing,Utkata Konasana,Goddess,Ankle,"Dorsiflexion, knee bent",,UNVERIFIED,"No paper publishes a pose requirement for this joint in this pose (joint demand listed from Heavy file 1, mechanics only)",n/a (the blank is the honest cell),Base knee-to-wall lunge (recorded in cm today; needs degrees: known bug),yes
STD19,Standing,Padangusthasana,Big Toe Pose,Hip,"Flexion, knee straight",,UNVERIFIED,"No paper publishes a pose requirement for this joint in this pose (joint demand listed from Heavy file 1, mechanics only)",n/a (the blank is the honest cell),"Supine straight-leg raise, phone on shin, knee stays straight (Base tests this one)",yes
STD19,Standing,Padangusthasana,Big Toe Pose,Spine,Flexion (lumbar and thoracic not separable),,UNVERIFIED,"No paper publishes a pose requirement for this joint in this pose (joint demand listed from Heavy file 1, mechanics only)",n/a (the blank is the honest cell),Proxy only: Base lumbar flexion stands in; thoracic not separable. Flag 'lumbar only',unknown
STD20,Standing,Padahastasana,Hands-Under-Feet,Hip,"Flexion, knee straight",,UNVERIFIED,"No paper publishes a pose requirement for this joint in this pose (joint demand listed from Heavy file 1, mechanics only)",n/a (the blank is the honest cell),"Supine straight-leg raise, phone on shin, knee stays straight (Base tests this one)",yes
STD20,Standing,Padahastasana,Hands-Under-Feet,Spine,Flexion (lumbar and thoracic not separable),,UNVERIFIED,"No paper publishes a pose requirement for this joint in this pose (joint demand listed from Heavy file 1, mechanics only)",n/a (the blank is the honest cell),Proxy only: Base lumbar flexion stands in; thoracic not separable. Flag 'lumbar only',unknown
STD20,Standing,Padahastasana,Hands-Under-Feet,Wrist,Flexion,,UNVERIFIED,"No paper publishes a pose requirement for this joint in this pose (joint demand listed from Heavy file 1, mechanics only)",n/a (the blank is the honest cell),Not measured by Base: grey 'not measured by Base'. No new test proposed,no
STD21,Standing,Ardha Baddha Padmottanasana,Half Bound Lotus Standing Fold,Hip,External rotation - lifted leg,,UNVERIFIED,"No paper publishes a pose requirement for this joint in this pose (joint demand listed from Heavy file 1, mechanics only)",n/a (the blank is the honest cell),"Seated, hip and knee at 90, shin swings inward, phone on shin (Base tests this). Coarse: pose end-range is a different position",yes
STD21,Standing,Ardha Baddha Padmottanasana,Half Bound Lotus Standing Fold,Hip,"Flexion, knee bent - standing leg",,UNVERIFIED,"No paper publishes a pose requirement for this joint in this pose (joint demand listed from Heavy file 1, mechanics only)",n/a (the blank is the honest cell),Base tests straight-leg raise instead (different movement). Bent-knee hip flexion is NOT measured by Base: grey 'not measured by Base'. No new test proposed,no
STD21,Standing,Ardha Baddha Padmottanasana,Half Bound Lotus Standing Fold,Spine,Flexion (lumbar and thoracic not separable),,UNVERIFIED,"No paper publishes a pose requirement for this joint in this pose (joint demand listed from Heavy file 1, mechanics only)",n/a (the blank is the honest cell),Proxy only: Base lumbar flexion stands in; thoracic not separable. Flag 'lumbar only',unknown
STD22,Standing,Urdhva Prasarita Eka Padasana,Standing Split,Hip,"Flexion, knee bent - standing leg",,UNVERIFIED,"No paper publishes a pose requirement for this joint in this pose (joint demand listed from Heavy file 1, mechanics only)",n/a (the blank is the honest cell),Base tests straight-leg raise instead (different movement). Bent-knee hip flexion is NOT measured by Base: grey 'not measured by Base'. No new test proposed,no
STD22,Standing,Urdhva Prasarita Eka Padasana,Standing Split,Hip,Extension - lifted leg,,UNVERIFIED,"No paper publishes a pose requirement for this joint in this pose (joint demand listed from Heavy file 1, mechanics only)",n/a (the blank is the honest cell),Not measured by Base: grey 'not measured by Base'. No new test proposed,no
STD22,Standing,Urdhva Prasarita Eka Padasana,Standing Split,Spine,Flexion (lumbar and thoracic not separable),,UNVERIFIED,"No paper publishes a pose requirement for this joint in this pose (joint demand listed from Heavy file 1, mechanics only)",n/a (the blank is the honest cell),Proxy only: Base lumbar flexion stands in; thoracic not separable. Flag 'lumbar only',unknown
STD23,Standing,Malasana,Garland / Yogic Squat,Hip,"Flexion, knee bent",,UNVERIFIED,"No paper publishes a pose requirement for this joint in this pose (joint demand listed from Heavy file 1, mechanics only)",n/a (the blank is the honest cell),Base tests straight-leg raise instead (different movement). Bent-knee hip flexion is NOT measured by Base: grey 'not measured by Base'. No new test proposed,no
STD23,Standing,Malasana,Garland / Yogic Squat,Hip,External rotation,,UNVERIFIED,"No paper publishes a pose requirement for this joint in this pose (joint demand listed from Heavy file 1, mechanics only)",n/a (the blank is the honest cell),"Seated, hip and knee at 90, shin swings inward, phone on shin (Base tests this). Coarse: pose end-range is a different position",yes
STD23,Standing,Malasana,Garland / Yogic Squat,Knee,Flexion,,UNVERIFIED,"No paper publishes a pose requirement for this joint in this pose (joint demand listed from Heavy file 1, mechanics only)",n/a (the blank is the honest cell),Not measured by Base: grey 'not measured by Base'. No new test proposed,no
STD23,Standing,Malasana,Garland / Yogic Squat,Ankle,"Dorsiflexion, knee bent",,UNVERIFIED,"No paper publishes a pose requirement for this joint in this pose (joint demand listed from Heavy file 1, mechanics only)",n/a (the blank is the honest cell),Base knee-to-wall lunge (recorded in cm today; needs degrees: known bug),yes
STD24,Standing,Parighasana,Gate Pose,Knee,Flexion - kneeling leg,,UNVERIFIED,"No paper publishes a pose requirement for this joint in this pose (joint demand listed from Heavy file 1, mechanics only)",n/a (the blank is the honest cell),Not measured by Base: grey 'not measured by Base'. No new test proposed,no
STD24,Standing,Parighasana,Gate Pose,Hip,Abduction - extended leg,,UNVERIFIED,"No paper publishes a pose requirement for this joint in this pose (joint demand listed from Heavy file 1, mechanics only)",n/a (the blank is the honest cell),"Standing, leg out to side, phone on front of thigh (Base tests this)",yes
STD24,Standing,Parighasana,Gate Pose,Spine,Lateral flexion,,UNVERIFIED,"No paper publishes a pose requirement for this joint in this pose (joint demand listed from Heavy file 1, mechanics only)",n/a (the blank is the honest cell),Not measured by Base: grey 'not measured by Base'. No new test proposed,no
HIP01,Hip openers,Eka Pada Kapotasana (prep),Half Pigeon / Sleeping Pigeon,Hip,External rotation - front leg,,UNVERIFIED,"No paper publishes a pose requirement for this joint in this pose (joint demand listed from Heavy file 1, mechanics only)",n/a (the blank is the honest cell),"Seated, hip and knee at 90, shin swings inward, phone on shin (Base tests this). Coarse: pose end-range is a different position",yes
HIP01,Hip openers,Eka Pada Kapotasana (prep),Half Pigeon / Sleeping Pigeon,Knee,Flexion - front leg,,UNVERIFIED,"No paper publishes a pose requirement for this joint in this pose (joint demand listed from Heavy file 1, mechanics only)",n/a (the blank is the honest cell),Not measured by Base: grey 'not measured by Base'. No new test proposed,no
HIP01,Hip openers,Eka Pada Kapotasana (prep),Half Pigeon / Sleeping Pigeon,Spine,Flexion (lumbar and thoracic not separable),,UNVERIFIED,"No paper publishes a pose requirement for this joint in this pose (joint demand listed from Heavy file 1, mechanics only)",n/a (the blank is the honest cell),Proxy only: Base lumbar flexion stands in; thoracic not separable. Flag 'lumbar only',unknown
HIP01,Hip openers,Eka Pada Kapotasana (prep),Half Pigeon / Sleeping Pigeon,Hip,"Flexion, front leg",,EVIDENCE,A Mears 2018 (J Arthroplasty) abstract: pigeon stressed the hip in flexion (variant not stated),"Direction only, no degrees; abstract-level",Base tests straight-leg raise instead (different movement). Bent-knee hip flexion is NOT measured by Base: grey 'not measured by Base'. No new test proposed,no
HIP01,Hip openers,Eka Pada Kapotasana (prep),Half Pigeon / Sleeping Pigeon,Hip,"Extension, back leg",,EVIDENCE,A Mears 2018 (J Arthroplasty) abstract: pigeon stressed the hip in extension (back limb),"Direction only, no degrees; abstract-level",Not measured by Base: grey 'not measured by Base'. No new test proposed,no
HIP02,Hip openers,Eka Pada Rajakapotasana,One-Legged King Pigeon,Hip,External rotation - front leg,,UNVERIFIED,"No paper publishes a pose requirement for this joint in this pose (joint demand listed from Heavy file 1, mechanics only)",n/a (the blank is the honest cell),"Seated, hip and knee at 90, shin swings inward, phone on shin (Base tests this). Coarse: pose end-range is a different position",yes
HIP02,Hip openers,Eka Pada Rajakapotasana,One-Legged King Pigeon,Hip,Extension - back leg,,UNVERIFIED,"No paper publishes a pose requirement for this joint in this pose (joint demand listed from Heavy file 1, mechanics only)",n/a (the blank is the honest cell),Not measured by Base: grey 'not measured by Base'. No new test proposed,no
HIP02,Hip openers,Eka Pada Rajakapotasana,One-Legged King Pigeon,Spine,Extension (lumbar and thoracic not separable),,UNVERIFIED,"No paper publishes a pose requirement for this joint in this pose (joint demand listed from Heavy file 1, mechanics only)",n/a (the blank is the honest cell),Proxy only: Base lumbar extension stands in; thoracic not separable. Flag 'lumbar only',unknown
HIP02,Hip openers,Eka Pada Rajakapotasana,One-Legged King Pigeon,Shoulder,Flexion (overhead),,UNVERIFIED,"No paper publishes a pose requirement for this joint in this pose (joint demand listed from Heavy file 1, mechanics only)",n/a (the blank is the honest cell),"Standing, arm overhead, phone on upper arm (Base tests this)",yes
HIP03,Hip openers,Utthan Pristhasana,Lizard,Hip,"Flexion, knee bent",,UNVERIFIED,"No paper publishes a pose requirement for this joint in this pose (joint demand listed from Heavy file 1, mechanics only)",n/a (the blank is the honest cell),Base tests straight-leg raise instead (different movement). Bent-knee hip flexion is NOT measured by Base: grey 'not measured by Base'. No new test proposed,no
HIP03,Hip openers,Utthan Pristhasana,Lizard,Hip,External rotation,,UNVERIFIED,"No paper publishes a pose requirement for this joint in this pose (joint demand listed from Heavy file 1, mechanics only)",n/a (the blank is the honest cell),"Seated, hip and knee at 90, shin swings inward, phone on shin (Base tests this). Coarse: pose end-range is a different position",yes
HIP03,Hip openers,Utthan Pristhasana,Lizard,Knee,Flexion,,UNVERIFIED,"No paper publishes a pose requirement for this joint in this pose (joint demand listed from Heavy file 1, mechanics only)",n/a (the blank is the honest cell),Not measured by Base: grey 'not measured by Base'. No new test proposed,no
HIP03,Hip openers,Utthan Pristhasana,Lizard,Ankle,"Dorsiflexion, knee bent",,UNVERIFIED,"No paper publishes a pose requirement for this joint in this pose (joint demand listed from Heavy file 1, mechanics only)",n/a (the blank is the honest cell),Base knee-to-wall lunge (recorded in cm today; needs degrees: known bug),yes
HIP04,Hip openers,Hanumanasana,Full Splits,Hip,"Flexion, knee straight - front leg",,UNVERIFIED,"No paper publishes a pose requirement for this joint in this pose (joint demand listed from Heavy file 1, mechanics only)",n/a (the blank is the honest cell),"Supine straight-leg raise, phone on shin, knee stays straight (Base tests this one)",yes
HIP04,Hip openers,Hanumanasana,Full Splits,Knee,Extension (to straight) - front leg,,UNVERIFIED,"No paper publishes a pose requirement for this joint in this pose (joint demand listed from Heavy file 1, mechanics only)",n/a (the blank is the honest cell),Not measured by Base: grey 'not measured by Base'. No new test proposed,no
HIP04,Hip openers,Hanumanasana,Full Splits,Hip,Extension - back leg,,UNVERIFIED,"No paper publishes a pose requirement for this joint in this pose (joint demand listed from Heavy file 1, mechanics only)",n/a (the blank is the honest cell),Not measured by Base: grey 'not measured by Base'. No new test proposed,no
HIP05,Hip openers,Ardha Hanumanasana,Half Split,Hip,"Flexion, knee straight - front leg",,UNVERIFIED,"No paper publishes a pose requirement for this joint in this pose (joint demand listed from Heavy file 1, mechanics only)",n/a (the blank is the honest cell),"Supine straight-leg raise, phone on shin, knee stays straight (Base tests this one)",yes
HIP05,Hip openers,Ardha Hanumanasana,Half Split,Knee,Extension (to straight) - front leg,,UNVERIFIED,"No paper publishes a pose requirement for this joint in this pose (joint demand listed from Heavy file 1, mechanics only)",n/a (the blank is the honest cell),Not measured by Base: grey 'not measured by Base'. No new test proposed,no
HIP05,Hip openers,Ardha Hanumanasana,Half Split,Ankle,"Dorsiflexion, knee straight",,UNVERIFIED,"No paper publishes a pose requirement for this joint in this pose (joint demand listed from Heavy file 1, mechanics only)",n/a (the blank is the honest cell),Not measured by Base: grey 'not measured by Base'. No new test proposed,no
HIP05,Hip openers,Ardha Hanumanasana,Half Split,Spine,Flexion (lumbar and thoracic not separable),,UNVERIFIED,"No paper publishes a pose requirement for this joint in this pose (joint demand listed from Heavy file 1, mechanics only)",n/a (the blank is the honest cell),Proxy only: Base lumbar flexion stands in; thoracic not separable. Flag 'lumbar only',unknown
HIP06,Hip openers,Baddha Konasana,Bound Angle / Butterfly,Hip,External rotation,,UNVERIFIED,"No paper publishes a pose requirement for this joint in this pose (joint demand listed from Heavy file 1, mechanics only)",n/a (the blank is the honest cell),"Seated, hip and knee at 90, shin swings inward, phone on shin (Base tests this). Coarse: pose end-range is a different position",yes
HIP06,Hip openers,Baddha Konasana,Bound Angle / Butterfly,Hip,"Flexion, knee bent",,UNVERIFIED,"No paper publishes a pose requirement for this joint in this pose (joint demand listed from Heavy file 1, mechanics only)",n/a (the blank is the honest cell),Base tests straight-leg raise instead (different movement). Bent-knee hip flexion is NOT measured by Base: grey 'not measured by Base'. No new test proposed,no
HIP06,Hip openers,Baddha Konasana,Bound Angle / Butterfly,Knee,Flexion,,UNVERIFIED,"No paper publishes a pose requirement for this joint in this pose (joint demand listed from Heavy file 1, mechanics only)",n/a (the blank is the honest cell),Not measured by Base: grey 'not measured by Base'. No new test proposed,no
HIP07,Hip openers,Agnistambhasana,Fire Log / Double Pigeon,Hip,External rotation,,UNVERIFIED,"No paper publishes a pose requirement for this joint in this pose (joint demand listed from Heavy file 1, mechanics only)",n/a (the blank is the honest cell),"Seated, hip and knee at 90, shin swings inward, phone on shin (Base tests this). Coarse: pose end-range is a different position",yes
HIP07,Hip openers,Agnistambhasana,Fire Log / Double Pigeon,Hip,"Flexion, knee bent",,UNVERIFIED,"No paper publishes a pose requirement for this joint in this pose (joint demand listed from Heavy file 1, mechanics only)",n/a (the blank is the honest cell),Base tests straight-leg raise instead (different movement). Bent-knee hip flexion is NOT measured by Base: grey 'not measured by Base'. No new test proposed,no
HIP07,Hip openers,Agnistambhasana,Fire Log / Double Pigeon,Knee,Flexion,,UNVERIFIED,"No paper publishes a pose requirement for this joint in this pose (joint demand listed from Heavy file 1, mechanics only)",n/a (the blank is the honest cell),Not measured by Base: grey 'not measured by Base'. No new test proposed,no
HIP08,Hip openers,Upavistha Konasana,Wide-Angle Seated,Hip,Abduction,,UNVERIFIED,"No paper publishes a pose requirement for this joint in this pose (joint demand listed from Heavy file 1, mechanics only)",n/a (the blank is the honest cell),"Standing, leg out to side, phone on front of thigh (Base tests this)",yes
HIP08,Hip openers,Upavistha Konasana,Wide-Angle Seated,Knee,Extension (to straight),,UNVERIFIED,"No paper publishes a pose requirement for this joint in this pose (joint demand listed from Heavy file 1, mechanics only)",n/a (the blank is the honest cell),Not measured by Base: grey 'not measured by Base'. No new test proposed,no
HIP08,Hip openers,Upavistha Konasana,Wide-Angle Seated,Spine,Flexion (lumbar and thoracic not separable),,UNVERIFIED,"No paper publishes a pose requirement for this joint in this pose (joint demand listed from Heavy file 1, mechanics only)",n/a (the blank is the honest cell),Proxy only: Base lumbar flexion stands in; thoracic not separable. Flag 'lumbar only',unknown
HIP09,Hip openers,Mandukasana (wide-knee frog),Frog,Hip,Abduction,,UNVERIFIED,"No paper publishes a pose requirement for this joint in this pose (joint demand listed from Heavy file 1, mechanics only)",n/a (the blank is the honest cell),"Standing, leg out to side, phone on front of thigh (Base tests this)",yes
HIP09,Hip openers,Mandukasana (wide-knee frog),Frog,Hip,External rotation,,UNVERIFIED,"No paper publishes a pose requirement for this joint in this pose (joint demand listed from Heavy file 1, mechanics only)",n/a (the blank is the honest cell),"Seated, hip and knee at 90, shin swings inward, phone on shin (Base tests this). Coarse: pose end-range is a different position",yes
HIP09,Hip openers,Mandukasana (wide-knee frog),Frog,Knee,Flexion,,UNVERIFIED,"No paper publishes a pose requirement for this joint in this pose (joint demand listed from Heavy file 1, mechanics only)",n/a (the blank is the honest cell),Not measured by Base: grey 'not measured by Base'. No new test proposed,no
HIP10,Hip openers,Supta Kapotasana,Reclined Pigeon / Figure-4,Hip,"Flexion, knee bent",,UNVERIFIED,"No paper publishes a pose requirement for this joint in this pose (joint demand listed from Heavy file 1, mechanics only)",n/a (the blank is the honest cell),Base tests straight-leg raise instead (different movement). Bent-knee hip flexion is NOT measured by Base: grey 'not measured by Base'. No new test proposed,no
HIP10,Hip openers,Supta Kapotasana,Reclined Pigeon / Figure-4,Hip,External rotation,,UNVERIFIED,"No paper publishes a pose requirement for this joint in this pose (joint demand listed from Heavy file 1, mechanics only)",n/a (the blank is the honest cell),"Seated, hip and knee at 90, shin swings inward, phone on shin (Base tests this). Coarse: pose end-range is a different position",yes
HIP10,Hip openers,Supta Kapotasana,Reclined Pigeon / Figure-4,Knee,Flexion,,UNVERIFIED,"No paper publishes a pose requirement for this joint in this pose (joint demand listed from Heavy file 1, mechanics only)",n/a (the blank is the honest cell),Not measured by Base: grey 'not measured by Base'. No new test proposed,no
HIP11,Hip openers,Hindolasana,Baby Cradle,Hip,"Flexion, knee bent",,UNVERIFIED,"No paper publishes a pose requirement for this joint in this pose (joint demand listed from Heavy file 1, mechanics only)",n/a (the blank is the honest cell),Base tests straight-leg raise instead (different movement). Bent-knee hip flexion is NOT measured by Base: grey 'not measured by Base'. No new test proposed,no
HIP11,Hip openers,Hindolasana,Baby Cradle,Hip,External rotation,,UNVERIFIED,"No paper publishes a pose requirement for this joint in this pose (joint demand listed from Heavy file 1, mechanics only)",n/a (the blank is the honest cell),"Seated, hip and knee at 90, shin swings inward, phone on shin (Base tests this). Coarse: pose end-range is a different position",yes
HIP11,Hip openers,Hindolasana,Baby Cradle,Knee,Flexion,,UNVERIFIED,"No paper publishes a pose requirement for this joint in this pose (joint demand listed from Heavy file 1, mechanics only)",n/a (the blank is the honest cell),Not measured by Base: grey 'not measured by Base'. No new test proposed,no
HIP12,Hip openers,Vatayanasana,Horse Face,Hip,External rotation,,UNVERIFIED,"No paper publishes a pose requirement for this joint in this pose (joint demand listed from Heavy file 1, mechanics only)",n/a (the blank is the honest cell),"Seated, hip and knee at 90, shin swings inward, phone on shin (Base tests this). Coarse: pose end-range is a different position",yes
HIP12,Hip openers,Vatayanasana,Horse Face,Knee,Flexion,,UNVERIFIED,"No paper publishes a pose requirement for this joint in this pose (joint demand listed from Heavy file 1, mechanics only)",n/a (the blank is the honest cell),Not measured by Base: grey 'not measured by Base'. No new test proposed,no
HIP13,Hip openers,Virasana,Hero,Knee,Flexion,,UNVERIFIED,"No paper publishes a pose requirement for this joint in this pose (joint demand listed from Heavy file 1, mechanics only)",n/a (the blank is the honest cell),Not measured by Base: grey 'not measured by Base'. No new test proposed,no
HIP13,Hip openers,Virasana,Hero,Hip,Internal rotation,,UNVERIFIED,"No paper publishes a pose requirement for this joint in this pose (joint demand listed from Heavy file 1, mechanics only)",n/a (the blank is the honest cell),"Seated, hip and knee at 90, shin swings outward, phone on shin (Base tests this)",yes
HIP13,Hip openers,Virasana,Hero,Ankle,Plantarflexion,,UNVERIFIED,"No paper publishes a pose requirement for this joint in this pose (joint demand listed from Heavy file 1, mechanics only)",n/a (the blank is the honest cell),Not measured by Base: grey 'not measured by Base'. No new test proposed,no
HIP14,Hip openers,(none: modern mobility drill),90/90 Hip Seat,Hip,External rotation,,UNVERIFIED,"No paper publishes a pose requirement for this joint in this pose (joint demand listed from Heavy file 1, mechanics only)",n/a (the blank is the honest cell),"Seated, hip and knee at 90, shin swings inward, phone on shin (Base tests this). Coarse: pose end-range is a different position",yes
HIP14,Hip openers,(none: modern mobility drill),90/90 Hip Seat,Hip,Internal rotation,,UNVERIFIED,"No paper publishes a pose requirement for this joint in this pose (joint demand listed from Heavy file 1, mechanics only)",n/a (the blank is the honest cell),"Seated, hip and knee at 90, shin swings outward, phone on shin (Base tests this)",yes
HIP14,Hip openers,(none: modern mobility drill),90/90 Hip Seat,Knee,Flexion,,UNVERIFIED,"No paper publishes a pose requirement for this joint in this pose (joint demand listed from Heavy file 1, mechanics only)",n/a (the blank is the honest cell),Not measured by Base: grey 'not measured by Base'. No new test proposed,no
FWD01,Forward folds,Paschimottanasana,Seated Forward Fold,Hip,"Flexion, knee straight",,UNVERIFIED,"No paper publishes a pose requirement for this joint in this pose (joint demand listed from Heavy file 1, mechanics only)",n/a (the blank is the honest cell),"Supine straight-leg raise, phone on shin, knee stays straight (Base tests this one)",yes
FWD01,Forward folds,Paschimottanasana,Seated Forward Fold,Spine,Flexion (lumbar and thoracic not separable),,UNVERIFIED,"No paper publishes a pose requirement for this joint in this pose (joint demand listed from Heavy file 1, mechanics only)",n/a (the blank is the honest cell),Proxy only: Base lumbar flexion stands in; thoracic not separable. Flag 'lumbar only',unknown
FWD02,Forward folds,Janu Sirsasana,Head-to-Knee,Hip,"Flexion, knee straight - extended leg",,UNVERIFIED,"No paper publishes a pose requirement for this joint in this pose (joint demand listed from Heavy file 1, mechanics only)",n/a (the blank is the honest cell),"Supine straight-leg raise, phone on shin, knee stays straight (Base tests this one)",yes
FWD02,Forward folds,Janu Sirsasana,Head-to-Knee,Hip,External rotation - bent leg,,UNVERIFIED,"No paper publishes a pose requirement for this joint in this pose (joint demand listed from Heavy file 1, mechanics only)",n/a (the blank is the honest cell),"Seated, hip and knee at 90, shin swings inward, phone on shin (Base tests this). Coarse: pose end-range is a different position",yes
FWD02,Forward folds,Janu Sirsasana,Head-to-Knee,Knee,Flexion - bent leg,,UNVERIFIED,"No paper publishes a pose requirement for this joint in this pose (joint demand listed from Heavy file 1, mechanics only)",n/a (the blank is the honest cell),Not measured by Base: grey 'not measured by Base'. No new test proposed,no
FWD02,Forward folds,Janu Sirsasana,Head-to-Knee,Spine,Flexion (lumbar and thoracic not separable),,UNVERIFIED,"No paper publishes a pose requirement for this joint in this pose (joint demand listed from Heavy file 1, mechanics only)",n/a (the blank is the honest cell),Proxy only: Base lumbar flexion stands in; thoracic not separable. Flag 'lumbar only',unknown
FWD03,Forward folds,Parivrtta Janu Sirsasana,Revolved Head-to-Knee,Hip,Abduction,,UNVERIFIED,"No paper publishes a pose requirement for this joint in this pose (joint demand listed from Heavy file 1, mechanics only)",n/a (the blank is the honest cell),"Standing, leg out to side, phone on front of thigh (Base tests this)",yes
FWD03,Forward folds,Parivrtta Janu Sirsasana,Revolved Head-to-Knee,Spine,Lateral flexion,,UNVERIFIED,"No paper publishes a pose requirement for this joint in this pose (joint demand listed from Heavy file 1, mechanics only)",n/a (the blank is the honest cell),Not measured by Base: grey 'not measured by Base'. No new test proposed,no
FWD03,Forward folds,Parivrtta Janu Sirsasana,Revolved Head-to-Knee,Spine,Rotation (thoracic),,UNVERIFIED,"No paper publishes a pose requirement for this joint in this pose (joint demand listed from Heavy file 1, mechanics only)",n/a (the blank is the honest cell),Not measured by Base: grey 'not measured by Base'. No new test proposed,no
FWD04,Forward folds,Kurmasana,Tortoise,Hip,"Flexion, knee bent",,UNVERIFIED,"No paper publishes a pose requirement for this joint in this pose (joint demand listed from Heavy file 1, mechanics only)",n/a (the blank is the honest cell),Base tests straight-leg raise instead (different movement). Bent-knee hip flexion is NOT measured by Base: grey 'not measured by Base'. No new test proposed,no
FWD04,Forward folds,Kurmasana,Tortoise,Hip,Abduction,,UNVERIFIED,"No paper publishes a pose requirement for this joint in this pose (joint demand listed from Heavy file 1, mechanics only)",n/a (the blank is the honest cell),"Standing, leg out to side, phone on front of thigh (Base tests this)",yes
FWD04,Forward folds,Kurmasana,Tortoise,Knee,Flexion,,UNVERIFIED,"No paper publishes a pose requirement for this joint in this pose (joint demand listed from Heavy file 1, mechanics only)",n/a (the blank is the honest cell),Not measured by Base: grey 'not measured by Base'. No new test proposed,no
FWD04,Forward folds,Kurmasana,Tortoise,Spine,Flexion (lumbar and thoracic not separable),,UNVERIFIED,"No paper publishes a pose requirement for this joint in this pose (joint demand listed from Heavy file 1, mechanics only)",n/a (the blank is the honest cell),Proxy only: Base lumbar flexion stands in; thoracic not separable. Flag 'lumbar only',unknown
FWD05,Forward folds,Supta Kurmasana,Sleeping Tortoise,Hip,"Flexion, knee bent",,UNVERIFIED,"No paper publishes a pose requirement for this joint in this pose (joint demand listed from Heavy file 1, mechanics only)",n/a (the blank is the honest cell),Base tests straight-leg raise instead (different movement). Bent-knee hip flexion is NOT measured by Base: grey 'not measured by Base'. No new test proposed,no
FWD05,Forward folds,Supta Kurmasana,Sleeping Tortoise,Spine,Flexion (lumbar and thoracic not separable),,UNVERIFIED,"No paper publishes a pose requirement for this joint in this pose (joint demand listed from Heavy file 1, mechanics only)",n/a (the blank is the honest cell),Proxy only: Base lumbar flexion stands in; thoracic not separable. Flag 'lumbar only',unknown
FWD05,Forward folds,Supta Kurmasana,Sleeping Tortoise,Shoulder,Internal rotation / extension behind the back (bind),,UNVERIFIED,"No paper publishes a pose requirement for this joint in this pose (joint demand listed from Heavy file 1, mechanics only)",n/a (the blank is the honest cell),Not measured by Base: grey 'not measured by Base'. No new test proposed,no
FWD06,Forward folds,Uttana Shishosana,Extended Puppy,Shoulder,Flexion (overhead),,UNVERIFIED,"No paper publishes a pose requirement for this joint in this pose (joint demand listed from Heavy file 1, mechanics only)",n/a (the blank is the honest cell),"Standing, arm overhead, phone on upper arm (Base tests this)",yes
FWD06,Forward folds,Uttana Shishosana,Extended Puppy,Hip,"Flexion, knee bent",,UNVERIFIED,"No paper publishes a pose requirement for this joint in this pose (joint demand listed from Heavy file 1, mechanics only)",n/a (the blank is the honest cell),Base tests straight-leg raise instead (different movement). Bent-knee hip flexion is NOT measured by Base: grey 'not measured by Base'. No new test proposed,no
FWD06,Forward folds,Uttana Shishosana,Extended Puppy,Knee,Flexion,,UNVERIFIED,"No paper publishes a pose requirement for this joint in this pose (joint demand listed from Heavy file 1, mechanics only)",n/a (the blank is the honest cell),Not measured by Base: grey 'not measured by Base'. No new test proposed,no
FWD07,Forward folds,Balasana,Child's Pose,Hip,"Flexion, knee bent",,UNVERIFIED,"No paper publishes a pose requirement for this joint in this pose (joint demand listed from Heavy file 1, mechanics only)",n/a (the blank is the honest cell),Base tests straight-leg raise instead (different movement). Bent-knee hip flexion is NOT measured by Base: grey 'not measured by Base'. No new test proposed,no
FWD07,Forward folds,Balasana,Child's Pose,Knee,Flexion,,UNVERIFIED,"No paper publishes a pose requirement for this joint in this pose (joint demand listed from Heavy file 1, mechanics only)",n/a (the blank is the honest cell),Not measured by Base: grey 'not measured by Base'. No new test proposed,no
FWD07,Forward folds,Balasana,Child's Pose,Spine,Flexion (lumbar and thoracic not separable),,UNVERIFIED,"No paper publishes a pose requirement for this joint in this pose (joint demand listed from Heavy file 1, mechanics only)",n/a (the blank is the honest cell),Proxy only: Base lumbar flexion stands in; thoracic not separable. Flag 'lumbar only',unknown
FWD07,Forward folds,Balasana,Child's Pose,Ankle,Plantarflexion,,UNVERIFIED,"No paper publishes a pose requirement for this joint in this pose (joint demand listed from Heavy file 1, mechanics only)",n/a (the blank is the honest cell),Not measured by Base: grey 'not measured by Base'. No new test proposed,no
FWD08,Forward folds,Krounchasana,Heron,Hip,"Flexion, knee straight",,UNVERIFIED,"No paper publishes a pose requirement for this joint in this pose (joint demand listed from Heavy file 1, mechanics only)",n/a (the blank is the honest cell),"Supine straight-leg raise, phone on shin, knee stays straight (Base tests this one)",yes
FWD08,Forward folds,Krounchasana,Heron,Knee,Flexion,,UNVERIFIED,"No paper publishes a pose requirement for this joint in this pose (joint demand listed from Heavy file 1, mechanics only)",n/a (the blank is the honest cell),Not measured by Base: grey 'not measured by Base'. No new test proposed,no
FWD08,Forward folds,Krounchasana,Heron,Spine,Flexion (lumbar and thoracic not separable),,UNVERIFIED,"No paper publishes a pose requirement for this joint in this pose (joint demand listed from Heavy file 1, mechanics only)",n/a (the blank is the honest cell),Proxy only: Base lumbar flexion stands in; thoracic not separable. Flag 'lumbar only',unknown
FWD09,Forward folds,Trianga Mukhaikapada Paschimottanasana,Three-Limbed Forward Bend,Hip,"Flexion, knee straight",,UNVERIFIED,"No paper publishes a pose requirement for this joint in this pose (joint demand listed from Heavy file 1, mechanics only)",n/a (the blank is the honest cell),"Supine straight-leg raise, phone on shin, knee stays straight (Base tests this one)",yes
FWD09,Forward folds,Trianga Mukhaikapada Paschimottanasana,Three-Limbed Forward Bend,Knee,Flexion,,UNVERIFIED,"No paper publishes a pose requirement for this joint in this pose (joint demand listed from Heavy file 1, mechanics only)",n/a (the blank is the honest cell),Not measured by Base: grey 'not measured by Base'. No new test proposed,no
FWD09,Forward folds,Trianga Mukhaikapada Paschimottanasana,Three-Limbed Forward Bend,Hip,Internal rotation,,UNVERIFIED,"No paper publishes a pose requirement for this joint in this pose (joint demand listed from Heavy file 1, mechanics only)",n/a (the blank is the honest cell),"Seated, hip and knee at 90, shin swings outward, phone on shin (Base tests this)",yes
FWD09,Forward folds,Trianga Mukhaikapada Paschimottanasana,Three-Limbed Forward Bend,Spine,Flexion (lumbar and thoracic not separable),,UNVERIFIED,"No paper publishes a pose requirement for this joint in this pose (joint demand listed from Heavy file 1, mechanics only)",n/a (the blank is the honest cell),Proxy only: Base lumbar flexion stands in; thoracic not separable. Flag 'lumbar only',unknown
FWD10,Forward folds,Marichyasana A (I),Marichi's Pose A,Hip,"Flexion, knee straight - extended leg",,UNVERIFIED,"No paper publishes a pose requirement for this joint in this pose (joint demand listed from Heavy file 1, mechanics only)",n/a (the blank is the honest cell),"Supine straight-leg raise, phone on shin, knee stays straight (Base tests this one)",yes
FWD10,Forward folds,Marichyasana A (I),Marichi's Pose A,Hip,"Flexion, knee bent - bent leg",,UNVERIFIED,"No paper publishes a pose requirement for this joint in this pose (joint demand listed from Heavy file 1, mechanics only)",n/a (the blank is the honest cell),Base tests straight-leg raise instead (different movement). Bent-knee hip flexion is NOT measured by Base: grey 'not measured by Base'. No new test proposed,no
FWD10,Forward folds,Marichyasana A (I),Marichi's Pose A,Spine,Flexion (lumbar and thoracic not separable),,UNVERIFIED,"No paper publishes a pose requirement for this joint in this pose (joint demand listed from Heavy file 1, mechanics only)",n/a (the blank is the honest cell),Proxy only: Base lumbar flexion stands in; thoracic not separable. Flag 'lumbar only',unknown
FWD11,Forward folds,Ardha Baddha Padma Paschimottanasana,Half Bound Lotus Forward Fold,Hip,External rotation,,UNVERIFIED,"No paper publishes a pose requirement for this joint in this pose (joint demand listed from Heavy file 1, mechanics only)",n/a (the blank is the honest cell),"Seated, hip and knee at 90, shin swings inward, phone on shin (Base tests this). Coarse: pose end-range is a different position",yes
FWD11,Forward folds,Ardha Baddha Padma Paschimottanasana,Half Bound Lotus Forward Fold,Knee,Extension (to straight),,UNVERIFIED,"No paper publishes a pose requirement for this joint in this pose (joint demand listed from Heavy file 1, mechanics only)",n/a (the blank is the honest cell),Not measured by Base: grey 'not measured by Base'. No new test proposed,no
FWD11,Forward folds,Ardha Baddha Padma Paschimottanasana,Half Bound Lotus Forward Fold,Spine,Flexion (lumbar and thoracic not separable),,UNVERIFIED,"No paper publishes a pose requirement for this joint in this pose (joint demand listed from Heavy file 1, mechanics only)",n/a (the blank is the honest cell),Proxy only: Base lumbar flexion stands in; thoracic not separable. Flag 'lumbar only',unknown
FWD12,Forward folds,Prasarita Padottanasana C,"Wide-Leg Fold, hands clasped",Hip,Abduction,,UNVERIFIED,"No paper publishes a pose requirement for this joint in this pose (joint demand listed from Heavy file 1, mechanics only)",n/a (the blank is the honest cell),"Standing, leg out to side, phone on front of thigh (Base tests this)",yes
FWD12,Forward folds,Prasarita Padottanasana C,"Wide-Leg Fold, hands clasped",Hip,"Flexion, knee straight",,UNVERIFIED,"No paper publishes a pose requirement for this joint in this pose (joint demand listed from Heavy file 1, mechanics only)",n/a (the blank is the honest cell),"Supine straight-leg raise, phone on shin, knee stays straight (Base tests this one)",yes
FWD12,Forward folds,Prasarita Padottanasana C,"Wide-Leg Fold, hands clasped",Shoulder,Extension,,UNVERIFIED,"No paper publishes a pose requirement for this joint in this pose (joint demand listed from Heavy file 1, mechanics only)",n/a (the blank is the honest cell),Not measured by Base: grey 'not measured by Base'. No new test proposed,no
FWD12,Forward folds,Prasarita Padottanasana C,"Wide-Leg Fold, hands clasped",Spine,Flexion (lumbar and thoracic not separable),,UNVERIFIED,"No paper publishes a pose requirement for this joint in this pose (joint demand listed from Heavy file 1, mechanics only)",n/a (the blank is the honest cell),Proxy only: Base lumbar flexion stands in; thoracic not separable. Flag 'lumbar only',unknown
BCK01,Backbends,Salabhasana,Locust,Spine,Extension (lumbar and thoracic not separable),,UNVERIFIED,"No paper publishes a pose requirement for this joint in this pose (joint demand listed from Heavy file 1, mechanics only)",n/a (the blank is the honest cell),Proxy only: Base lumbar extension stands in; thoracic not separable. Flag 'lumbar only',unknown
BCK01,Backbends,Salabhasana,Locust,Hip,Extension,,UNVERIFIED,"No paper publishes a pose requirement for this joint in this pose (joint demand listed from Heavy file 1, mechanics only)",n/a (the blank is the honest cell),Not measured by Base: grey 'not measured by Base'. No new test proposed,no
BCK01,Backbends,Salabhasana,Locust,Shoulder,Extension,,UNVERIFIED,"No paper publishes a pose requirement for this joint in this pose (joint demand listed from Heavy file 1, mechanics only)",n/a (the blank is the honest cell),Not measured by Base: grey 'not measured by Base'. No new test proposed,no
BCK02,Backbends,Ardha Salabhasana,Half Locust,Spine,Extension (lumbar and thoracic not separable),,UNVERIFIED,"No paper publishes a pose requirement for this joint in this pose (joint demand listed from Heavy file 1, mechanics only)",n/a (the blank is the honest cell),Proxy only: Base lumbar extension stands in; thoracic not separable. Flag 'lumbar only',unknown
BCK02,Backbends,Ardha Salabhasana,Half Locust,Hip,Extension,,UNVERIFIED,"No paper publishes a pose requirement for this joint in this pose (joint demand listed from Heavy file 1, mechanics only)",n/a (the blank is the honest cell),Not measured by Base: grey 'not measured by Base'. No new test proposed,no
BCK03,Backbends,Dhanurasana,Bow,Spine,Extension (lumbar and thoracic not separable),,UNVERIFIED,"No paper publishes a pose requirement for this joint in this pose (joint demand listed from Heavy file 1, mechanics only)",n/a (the blank is the honest cell),Proxy only: Base lumbar extension stands in; thoracic not separable. Flag 'lumbar only',unknown
BCK03,Backbends,Dhanurasana,Bow,Hip,Extension,,UNVERIFIED,"No paper publishes a pose requirement for this joint in this pose (joint demand listed from Heavy file 1, mechanics only)",n/a (the blank is the honest cell),Not measured by Base: grey 'not measured by Base'. No new test proposed,no
BCK03,Backbends,Dhanurasana,Bow,Knee,Flexion,,UNVERIFIED,"No paper publishes a pose requirement for this joint in this pose (joint demand listed from Heavy file 1, mechanics only)",n/a (the blank is the honest cell),Not measured by Base: grey 'not measured by Base'. No new test proposed,no
BCK03,Backbends,Dhanurasana,Bow,Shoulder,Extension,,UNVERIFIED,"No paper publishes a pose requirement for this joint in this pose (joint demand listed from Heavy file 1, mechanics only)",n/a (the blank is the honest cell),Not measured by Base: grey 'not measured by Base'. No new test proposed,no
BCK04,Backbends,Ardha Dhanurasana,Half Bow,Spine,Extension (lumbar and thoracic not separable),,UNVERIFIED,"No paper publishes a pose requirement for this joint in this pose (joint demand listed from Heavy file 1, mechanics only)",n/a (the blank is the honest cell),Proxy only: Base lumbar extension stands in; thoracic not separable. Flag 'lumbar only',unknown
BCK04,Backbends,Ardha Dhanurasana,Half Bow,Hip,Extension,,UNVERIFIED,"No paper publishes a pose requirement for this joint in this pose (joint demand listed from Heavy file 1, mechanics only)",n/a (the blank is the honest cell),Not measured by Base: grey 'not measured by Base'. No new test proposed,no
BCK04,Backbends,Ardha Dhanurasana,Half Bow,Knee,Flexion,,UNVERIFIED,"No paper publishes a pose requirement for this joint in this pose (joint demand listed from Heavy file 1, mechanics only)",n/a (the blank is the honest cell),Not measured by Base: grey 'not measured by Base'. No new test proposed,no
BCK05,Backbends,Ustrasana,Camel,Spine,Extension (lumbar and thoracic not separable),,UNVERIFIED,"No paper publishes a pose requirement for this joint in this pose (joint demand listed from Heavy file 1, mechanics only)",n/a (the blank is the honest cell),Proxy only: Base lumbar extension stands in; thoracic not separable. Flag 'lumbar only',unknown
BCK05,Backbends,Ustrasana,Camel,Hip,Extension,,UNVERIFIED,"No paper publishes a pose requirement for this joint in this pose (joint demand listed from Heavy file 1, mechanics only)",n/a (the blank is the honest cell),Not measured by Base: grey 'not measured by Base'. No new test proposed,no
BCK05,Backbends,Ustrasana,Camel,Knee,Flexion,,UNVERIFIED,"No paper publishes a pose requirement for this joint in this pose (joint demand listed from Heavy file 1, mechanics only)",n/a (the blank is the honest cell),Not measured by Base: grey 'not measured by Base'. No new test proposed,no
BCK05,Backbends,Ustrasana,Camel,Shoulder,Extension,,UNVERIFIED,"No paper publishes a pose requirement for this joint in this pose (joint demand listed from Heavy file 1, mechanics only)",n/a (the blank is the honest cell),Not measured by Base: grey 'not measured by Base'. No new test proposed,no
BCK06,Backbends,Setu Bandha Sarvangasana,Bridge,Spine,Extension (lumbar and thoracic not separable),,UNVERIFIED,"No paper publishes a pose requirement for this joint in this pose (joint demand listed from Heavy file 1, mechanics only)",n/a (the blank is the honest cell),Proxy only: Base lumbar extension stands in; thoracic not separable. Flag 'lumbar only',unknown
BCK06,Backbends,Setu Bandha Sarvangasana,Bridge,Hip,Extension,,UNVERIFIED,"No paper publishes a pose requirement for this joint in this pose (joint demand listed from Heavy file 1, mechanics only)",n/a (the blank is the honest cell),Not measured by Base: grey 'not measured by Base'. No new test proposed,no
BCK06,Backbends,Setu Bandha Sarvangasana,Bridge,Knee,Flexion,,UNVERIFIED,"No paper publishes a pose requirement for this joint in this pose (joint demand listed from Heavy file 1, mechanics only)",n/a (the blank is the honest cell),Not measured by Base: grey 'not measured by Base'. No new test proposed,no
BCK07,Backbends,Eka Pada Setu Bandha,One-Legged Bridge,Spine,Extension (lumbar and thoracic not separable),,UNVERIFIED,"No paper publishes a pose requirement for this joint in this pose (joint demand listed from Heavy file 1, mechanics only)",n/a (the blank is the honest cell),Proxy only: Base lumbar extension stands in; thoracic not separable. Flag 'lumbar only',unknown
BCK07,Backbends,Eka Pada Setu Bandha,One-Legged Bridge,Hip,Extension - one side,,UNVERIFIED,"No paper publishes a pose requirement for this joint in this pose (joint demand listed from Heavy file 1, mechanics only)",n/a (the blank is the honest cell),Not measured by Base: grey 'not measured by Base'. No new test proposed,no
BCK07,Backbends,Eka Pada Setu Bandha,One-Legged Bridge,Hip,"Flexion, knee bent - other side",,UNVERIFIED,"No paper publishes a pose requirement for this joint in this pose (joint demand listed from Heavy file 1, mechanics only)",n/a (the blank is the honest cell),Base tests straight-leg raise instead (different movement). Bent-knee hip flexion is NOT measured by Base: grey 'not measured by Base'. No new test proposed,no
BCK08,Backbends,Urdhva Dhanurasana,Wheel / Upward Bow,Spine,Extension (lumbar and thoracic not separable),,UNVERIFIED,"No paper publishes a pose requirement for this joint in this pose (joint demand listed from Heavy file 1, mechanics only)",n/a (the blank is the honest cell),Proxy only: Base lumbar extension stands in; thoracic not separable. Flag 'lumbar only',unknown
BCK08,Backbends,Urdhva Dhanurasana,Wheel / Upward Bow,Shoulder,Flexion (overhead),,UNVERIFIED,"No paper publishes a pose requirement for this joint in this pose (joint demand listed from Heavy file 1, mechanics only)",n/a (the blank is the honest cell),"Standing, arm overhead, phone on upper arm (Base tests this)",yes
BCK08,Backbends,Urdhva Dhanurasana,Wheel / Upward Bow,Hip,Extension,,UNVERIFIED,"No paper publishes a pose requirement for this joint in this pose (joint demand listed from Heavy file 1, mechanics only)",n/a (the blank is the honest cell),Not measured by Base: grey 'not measured by Base'. No new test proposed,no
BCK08,Backbends,Urdhva Dhanurasana,Wheel / Upward Bow,Wrist,Extension (loaded),,UNVERIFIED,"No paper publishes a pose requirement for this joint in this pose (joint demand listed from Heavy file 1, mechanics only)",n/a (the blank is the honest cell),Not measured by Base: grey 'not measured by Base'. No new test proposed,no
BCK09,Backbends,Matsyasana,Fish,Spine,Extension (lumbar and thoracic not separable),,UNVERIFIED,"No paper publishes a pose requirement for this joint in this pose (joint demand listed from Heavy file 1, mechanics only)",n/a (the blank is the honest cell),Proxy only: Base lumbar extension stands in; thoracic not separable. Flag 'lumbar only',unknown
BCK09,Backbends,Matsyasana,Fish,Cervical,Extension,,UNVERIFIED,"No paper publishes a pose requirement for this joint in this pose (joint demand listed from Heavy file 1, mechanics only)",n/a (the blank is the honest cell),"Seated, phone at temple (Base tests this)",yes
BCK10,Backbends,Ardha Bhekasana,Half Frog (prone),Spine,Extension (lumbar and thoracic not separable),,UNVERIFIED,"No paper publishes a pose requirement for this joint in this pose (joint demand listed from Heavy file 1, mechanics only)",n/a (the blank is the honest cell),Proxy only: Base lumbar extension stands in; thoracic not separable. Flag 'lumbar only',unknown
BCK10,Backbends,Ardha Bhekasana,Half Frog (prone),Knee,Flexion,,UNVERIFIED,"No paper publishes a pose requirement for this joint in this pose (joint demand listed from Heavy file 1, mechanics only)",n/a (the blank is the honest cell),Not measured by Base: grey 'not measured by Base'. No new test proposed,no
BCK10,Backbends,Ardha Bhekasana,Half Frog (prone),Hip,Extension,,UNVERIFIED,"No paper publishes a pose requirement for this joint in this pose (joint demand listed from Heavy file 1, mechanics only)",n/a (the blank is the honest cell),Not measured by Base: grey 'not measured by Base'. No new test proposed,no
BCK11,Backbends,Bhekasana,Full Frog (prone),Spine,Extension (lumbar and thoracic not separable),,UNVERIFIED,"No paper publishes a pose requirement for this joint in this pose (joint demand listed from Heavy file 1, mechanics only)",n/a (the blank is the honest cell),Proxy only: Base lumbar extension stands in; thoracic not separable. Flag 'lumbar only',unknown
BCK11,Backbends,Bhekasana,Full Frog (prone),Knee,Flexion,,UNVERIFIED,"No paper publishes a pose requirement for this joint in this pose (joint demand listed from Heavy file 1, mechanics only)",n/a (the blank is the honest cell),Not measured by Base: grey 'not measured by Base'. No new test proposed,no
BCK11,Backbends,Bhekasana,Full Frog (prone),Hip,Extension,,UNVERIFIED,"No paper publishes a pose requirement for this joint in this pose (joint demand listed from Heavy file 1, mechanics only)",n/a (the blank is the honest cell),Not measured by Base: grey 'not measured by Base'. No new test proposed,no
BCK12,Backbends,Camatkarasana,Wild Thing,Spine,Extension (lumbar and thoracic not separable),,UNVERIFIED,"No paper publishes a pose requirement for this joint in this pose (joint demand listed from Heavy file 1, mechanics only)",n/a (the blank is the honest cell),Proxy only: Base lumbar extension stands in; thoracic not separable. Flag 'lumbar only',unknown
BCK12,Backbends,Camatkarasana,Wild Thing,Shoulder,Flexion (overhead),,UNVERIFIED,"No paper publishes a pose requirement for this joint in this pose (joint demand listed from Heavy file 1, mechanics only)",n/a (the blank is the honest cell),"Standing, arm overhead, phone on upper arm (Base tests this)",yes
BCK12,Backbends,Camatkarasana,Wild Thing,Hip,Extension,,UNVERIFIED,"No paper publishes a pose requirement for this joint in this pose (joint demand listed from Heavy file 1, mechanics only)",n/a (the blank is the honest cell),Not measured by Base: grey 'not measured by Base'. No new test proposed,no
BCK12,Backbends,Camatkarasana,Wild Thing,Wrist,Extension (loaded),,UNVERIFIED,"No paper publishes a pose requirement for this joint in this pose (joint demand listed from Heavy file 1, mechanics only)",n/a (the blank is the honest cell),Not measured by Base: grey 'not measured by Base'. No new test proposed,no
BCK13,Backbends,Laghu Vajrasana,Little Thunderbolt,Spine,Extension (lumbar and thoracic not separable),,UNVERIFIED,"No paper publishes a pose requirement for this joint in this pose (joint demand listed from Heavy file 1, mechanics only)",n/a (the blank is the honest cell),Proxy only: Base lumbar extension stands in; thoracic not separable. Flag 'lumbar only',unknown
BCK13,Backbends,Laghu Vajrasana,Little Thunderbolt,Knee,Flexion,,UNVERIFIED,"No paper publishes a pose requirement for this joint in this pose (joint demand listed from Heavy file 1, mechanics only)",n/a (the blank is the honest cell),Not measured by Base: grey 'not measured by Base'. No new test proposed,no
BCK13,Backbends,Laghu Vajrasana,Little Thunderbolt,Hip,Extension,,UNVERIFIED,"No paper publishes a pose requirement for this joint in this pose (joint demand listed from Heavy file 1, mechanics only)",n/a (the blank is the honest cell),Not measured by Base: grey 'not measured by Base'. No new test proposed,no
BCK14,Backbends,Kapotasana,Full Pigeon Backbend,Spine,Extension (lumbar and thoracic not separable),,UNVERIFIED,"No paper publishes a pose requirement for this joint in this pose (joint demand listed from Heavy file 1, mechanics only)",n/a (the blank is the honest cell),Proxy only: Base lumbar extension stands in; thoracic not separable. Flag 'lumbar only',unknown
BCK14,Backbends,Kapotasana,Full Pigeon Backbend,Hip,Extension,,UNVERIFIED,"No paper publishes a pose requirement for this joint in this pose (joint demand listed from Heavy file 1, mechanics only)",n/a (the blank is the honest cell),Not measured by Base: grey 'not measured by Base'. No new test proposed,no
BCK14,Backbends,Kapotasana,Full Pigeon Backbend,Knee,Flexion,,UNVERIFIED,"No paper publishes a pose requirement for this joint in this pose (joint demand listed from Heavy file 1, mechanics only)",n/a (the blank is the honest cell),Not measured by Base: grey 'not measured by Base'. No new test proposed,no
BCK14,Backbends,Kapotasana,Full Pigeon Backbend,Shoulder,Flexion (overhead),,UNVERIFIED,"No paper publishes a pose requirement for this joint in this pose (joint demand listed from Heavy file 1, mechanics only)",n/a (the blank is the honest cell),"Standing, arm overhead, phone on upper arm (Base tests this)",yes
BCK15,Backbends,Viparita Dandasana,Inverted Staff,Spine,Extension (lumbar and thoracic not separable),,UNVERIFIED,"No paper publishes a pose requirement for this joint in this pose (joint demand listed from Heavy file 1, mechanics only)",n/a (the blank is the honest cell),Proxy only: Base lumbar extension stands in; thoracic not separable. Flag 'lumbar only',unknown
BCK15,Backbends,Viparita Dandasana,Inverted Staff,Shoulder,Flexion (overhead),,UNVERIFIED,"No paper publishes a pose requirement for this joint in this pose (joint demand listed from Heavy file 1, mechanics only)",n/a (the blank is the honest cell),"Standing, arm overhead, phone on upper arm (Base tests this)",yes
BCK15,Backbends,Viparita Dandasana,Inverted Staff,Hip,Extension,,UNVERIFIED,"No paper publishes a pose requirement for this joint in this pose (joint demand listed from Heavy file 1, mechanics only)",n/a (the blank is the honest cell),Not measured by Base: grey 'not measured by Base'. No new test proposed,no
BCK16,Backbends,Salamba Bhujangasana,Sphinx,Spine,Extension (lumbar and thoracic not separable),,UNVERIFIED,"No paper publishes a pose requirement for this joint in this pose (joint demand listed from Heavy file 1, mechanics only)",n/a (the blank is the honest cell),Proxy only: Base lumbar extension stands in; thoracic not separable. Flag 'lumbar only',unknown
BCK16,Backbends,Salamba Bhujangasana,Sphinx,Elbow,Flexion,,UNVERIFIED,"No paper publishes a pose requirement for this joint in this pose (joint demand listed from Heavy file 1, mechanics only)",n/a (the blank is the honest cell),Not measured by Base: grey 'not measured by Base'. No new test proposed,no
BCK16,Backbends,Salamba Bhujangasana,Sphinx,Shoulder,Flexion (overhead),,UNVERIFIED,"No paper publishes a pose requirement for this joint in this pose (joint demand listed from Heavy file 1, mechanics only)",n/a (the blank is the honest cell),"Standing, arm overhead, phone on upper arm (Base tests this)",yes
BCK17,Backbends,Purvottanasana,Upward Plank / Reverse Plank,Shoulder,Extension,,UNVERIFIED,"No paper publishes a pose requirement for this joint in this pose (joint demand listed from Heavy file 1, mechanics only)",n/a (the blank is the honest cell),Not measured by Base: grey 'not measured by Base'. No new test proposed,no
BCK17,Backbends,Purvottanasana,Upward Plank / Reverse Plank,Hip,Extension,,UNVERIFIED,"No paper publishes a pose requirement for this joint in this pose (joint demand listed from Heavy file 1, mechanics only)",n/a (the blank is the honest cell),Not measured by Base: grey 'not measured by Base'. No new test proposed,no
BCK17,Backbends,Purvottanasana,Upward Plank / Reverse Plank,Wrist,Extension (loaded),,UNVERIFIED,"No paper publishes a pose requirement for this joint in this pose (joint demand listed from Heavy file 1, mechanics only)",n/a (the blank is the honest cell),Not measured by Base: grey 'not measured by Base'. No new test proposed,no
BCK18,Backbends,Anjaneyasana (backbend variation),Crescent Lunge Backbend,Knee,Flexion - front leg,,UNVERIFIED,"No paper publishes a pose requirement for this joint in this pose (joint demand listed from Heavy file 1, mechanics only)",n/a (the blank is the honest cell),Not measured by Base: grey 'not measured by Base'. No new test proposed,no
BCK18,Backbends,Anjaneyasana (backbend variation),Crescent Lunge Backbend,Hip,Extension - back leg,,UNVERIFIED,"No paper publishes a pose requirement for this joint in this pose (joint demand listed from Heavy file 1, mechanics only)",n/a (the blank is the honest cell),Not measured by Base: grey 'not measured by Base'. No new test proposed,no
BCK18,Backbends,Anjaneyasana (backbend variation),Crescent Lunge Backbend,Spine,Extension (lumbar and thoracic not separable),,UNVERIFIED,"No paper publishes a pose requirement for this joint in this pose (joint demand listed from Heavy file 1, mechanics only)",n/a (the blank is the honest cell),Proxy only: Base lumbar extension stands in; thoracic not separable. Flag 'lumbar only',unknown
BCK18,Backbends,Anjaneyasana (backbend variation),Crescent Lunge Backbend,Shoulder,Flexion (overhead),,UNVERIFIED,"No paper publishes a pose requirement for this joint in this pose (joint demand listed from Heavy file 1, mechanics only)",n/a (the blank is the honest cell),"Standing, arm overhead, phone on upper arm (Base tests this)",yes
TWS01,Twists,Parivrtta Trikonasana,Revolved Triangle,Spine,Rotation (thoracic),,UNVERIFIED,"No paper publishes a pose requirement for this joint in this pose (joint demand listed from Heavy file 1, mechanics only)",n/a (the blank is the honest cell),Not measured by Base: grey 'not measured by Base'. No new test proposed,no
TWS01,Twists,Parivrtta Trikonasana,Revolved Triangle,Hip,"Flexion, knee straight",,UNVERIFIED,"No paper publishes a pose requirement for this joint in this pose (joint demand listed from Heavy file 1, mechanics only)",n/a (the blank is the honest cell),"Supine straight-leg raise, phone on shin, knee stays straight (Base tests this one)",yes
TWS01,Twists,Parivrtta Trikonasana,Revolved Triangle,Knee,Extension (to straight),,UNVERIFIED,"No paper publishes a pose requirement for this joint in this pose (joint demand listed from Heavy file 1, mechanics only)",n/a (the blank is the honest cell),Not measured by Base: grey 'not measured by Base'. No new test proposed,no
TWS02,Twists,Parivrtta Parsvakonasana,Revolved Side Angle,Spine,Rotation (thoracic),,UNVERIFIED,"No paper publishes a pose requirement for this joint in this pose (joint demand listed from Heavy file 1, mechanics only)",n/a (the blank is the honest cell),Not measured by Base: grey 'not measured by Base'. No new test proposed,no
TWS02,Twists,Parivrtta Parsvakonasana,Revolved Side Angle,Knee,Flexion,,UNVERIFIED,"No paper publishes a pose requirement for this joint in this pose (joint demand listed from Heavy file 1, mechanics only)",n/a (the blank is the honest cell),Not measured by Base: grey 'not measured by Base'. No new test proposed,no
TWS02,Twists,Parivrtta Parsvakonasana,Revolved Side Angle,Hip,"Flexion, knee bent",,UNVERIFIED,"No paper publishes a pose requirement for this joint in this pose (joint demand listed from Heavy file 1, mechanics only)",n/a (the blank is the honest cell),Base tests straight-leg raise instead (different movement). Bent-knee hip flexion is NOT measured by Base: grey 'not measured by Base'. No new test proposed,no
TWS03,Twists,Parivrtta Utkatasana,Revolved Chair,Spine,Rotation (thoracic),,UNVERIFIED,"No paper publishes a pose requirement for this joint in this pose (joint demand listed from Heavy file 1, mechanics only)",n/a (the blank is the honest cell),Not measured by Base: grey 'not measured by Base'. No new test proposed,no
TWS03,Twists,Parivrtta Utkatasana,Revolved Chair,Hip,"Flexion, knee bent",,UNVERIFIED,"No paper publishes a pose requirement for this joint in this pose (joint demand listed from Heavy file 1, mechanics only)",n/a (the blank is the honest cell),Base tests straight-leg raise instead (different movement). Bent-knee hip flexion is NOT measured by Base: grey 'not measured by Base'. No new test proposed,no
TWS03,Twists,Parivrtta Utkatasana,Revolved Chair,Knee,Flexion,,UNVERIFIED,"No paper publishes a pose requirement for this joint in this pose (joint demand listed from Heavy file 1, mechanics only)",n/a (the blank is the honest cell),Not measured by Base: grey 'not measured by Base'. No new test proposed,no
TWS04,Twists,Ardha Matsyendrasana,Half Lord of the Fishes,Spine,Rotation (thoracic),,UNVERIFIED,"No paper publishes a pose requirement for this joint in this pose (joint demand listed from Heavy file 1, mechanics only)",n/a (the blank is the honest cell),Not measured by Base: grey 'not measured by Base'. No new test proposed,no
TWS04,Twists,Ardha Matsyendrasana,Half Lord of the Fishes,Knee,Flexion,,UNVERIFIED,"No paper publishes a pose requirement for this joint in this pose (joint demand listed from Heavy file 1, mechanics only)",n/a (the blank is the honest cell),Not measured by Base: grey 'not measured by Base'. No new test proposed,no
TWS04,Twists,Ardha Matsyendrasana,Half Lord of the Fishes,Hip,Flexion,,EVIDENCE,A Mears 2018 (J Arthroplasty) abstract: seated twist stressed the hip in flexion (pose identity assumed to be Ardha Matsyendrasana),"Direction only, no degrees; abstract-level",Base tests straight-leg raise instead (different movement). Bent-knee hip flexion is NOT measured by Base: grey 'not measured by Base'. No new test proposed,no
TWS04,Twists,Ardha Matsyendrasana,Half Lord of the Fishes,Hip,Adduction,,EVIDENCE,A Mears 2018 (J Arthroplasty) abstract: seated twist put the hip in higher adduction,"Direction only, no degrees; abstract-level",Not measured by Base: grey 'not measured by Base'. No new test proposed,no
TWS05,Twists,Marichyasana III (C),Marichi's Pose C,Spine,Rotation (thoracic),,UNVERIFIED,"No paper publishes a pose requirement for this joint in this pose (joint demand listed from Heavy file 1, mechanics only)",n/a (the blank is the honest cell),Not measured by Base: grey 'not measured by Base'. No new test proposed,no
TWS05,Twists,Marichyasana III (C),Marichi's Pose C,Knee,Flexion,,UNVERIFIED,"No paper publishes a pose requirement for this joint in this pose (joint demand listed from Heavy file 1, mechanics only)",n/a (the blank is the honest cell),Not measured by Base: grey 'not measured by Base'. No new test proposed,no
TWS06,Twists,Marichyasana IV (D),Marichi's Pose D,Spine,Rotation (thoracic),,UNVERIFIED,"No paper publishes a pose requirement for this joint in this pose (joint demand listed from Heavy file 1, mechanics only)",n/a (the blank is the honest cell),Not measured by Base: grey 'not measured by Base'. No new test proposed,no
TWS06,Twists,Marichyasana IV (D),Marichi's Pose D,Hip,External rotation,,UNVERIFIED,"No paper publishes a pose requirement for this joint in this pose (joint demand listed from Heavy file 1, mechanics only)",n/a (the blank is the honest cell),"Seated, hip and knee at 90, shin swings inward, phone on shin (Base tests this). Coarse: pose end-range is a different position",yes
TWS06,Twists,Marichyasana IV (D),Marichi's Pose D,Shoulder,Internal rotation / extension behind the back (bind),,UNVERIFIED,"No paper publishes a pose requirement for this joint in this pose (joint demand listed from Heavy file 1, mechanics only)",n/a (the blank is the honest cell),Not measured by Base: grey 'not measured by Base'. No new test proposed,no
TWS07,Twists,Bharadvajasana I,Bharadvaja's Twist,Spine,Rotation (thoracic),,UNVERIFIED,"No paper publishes a pose requirement for this joint in this pose (joint demand listed from Heavy file 1, mechanics only)",n/a (the blank is the honest cell),Not measured by Base: grey 'not measured by Base'. No new test proposed,no
TWS07,Twists,Bharadvajasana I,Bharadvaja's Twist,Hip,Internal rotation,,UNVERIFIED,"No paper publishes a pose requirement for this joint in this pose (joint demand listed from Heavy file 1, mechanics only)",n/a (the blank is the honest cell),"Seated, hip and knee at 90, shin swings outward, phone on shin (Base tests this)",yes
TWS07,Twists,Bharadvajasana I,Bharadvaja's Twist,Shoulder,Internal rotation / extension behind the back (bind),,UNVERIFIED,"No paper publishes a pose requirement for this joint in this pose (joint demand listed from Heavy file 1, mechanics only)",n/a (the blank is the honest cell),Not measured by Base: grey 'not measured by Base'. No new test proposed,no
TWS08,Twists,Pasasana,Noose,Hip,"Flexion, knee bent",,UNVERIFIED,"No paper publishes a pose requirement for this joint in this pose (joint demand listed from Heavy file 1, mechanics only)",n/a (the blank is the honest cell),Base tests straight-leg raise instead (different movement). Bent-knee hip flexion is NOT measured by Base: grey 'not measured by Base'. No new test proposed,no
TWS08,Twists,Pasasana,Noose,Knee,Flexion,,UNVERIFIED,"No paper publishes a pose requirement for this joint in this pose (joint demand listed from Heavy file 1, mechanics only)",n/a (the blank is the honest cell),Not measured by Base: grey 'not measured by Base'. No new test proposed,no
TWS08,Twists,Pasasana,Noose,Ankle,"Dorsiflexion, knee bent",,UNVERIFIED,"No paper publishes a pose requirement for this joint in this pose (joint demand listed from Heavy file 1, mechanics only)",n/a (the blank is the honest cell),Base knee-to-wall lunge (recorded in cm today; needs degrees: known bug),yes
TWS08,Twists,Pasasana,Noose,Spine,Rotation (thoracic),,UNVERIFIED,"No paper publishes a pose requirement for this joint in this pose (joint demand listed from Heavy file 1, mechanics only)",n/a (the blank is the honest cell),Not measured by Base: grey 'not measured by Base'. No new test proposed,no
TWS08,Twists,Pasasana,Noose,Shoulder,Internal rotation / extension behind the back (bind),,UNVERIFIED,"No paper publishes a pose requirement for this joint in this pose (joint demand listed from Heavy file 1, mechanics only)",n/a (the blank is the honest cell),Not measured by Base: grey 'not measured by Base'. No new test proposed,no
TWS09,Twists,Jathara Parivartanasana,Revolved Belly,Spine,Rotation (thoracic),,UNVERIFIED,"No paper publishes a pose requirement for this joint in this pose (joint demand listed from Heavy file 1, mechanics only)",n/a (the blank is the honest cell),Not measured by Base: grey 'not measured by Base'. No new test proposed,no
TWS09,Twists,Jathara Parivartanasana,Revolved Belly,Hip,"Flexion, knee bent",,UNVERIFIED,"No paper publishes a pose requirement for this joint in this pose (joint demand listed from Heavy file 1, mechanics only)",n/a (the blank is the honest cell),Base tests straight-leg raise instead (different movement). Bent-knee hip flexion is NOT measured by Base: grey 'not measured by Base'. No new test proposed,no
TWS10,Twists,Supta Matsyendrasana,Reclined Spinal Twist,Spine,Rotation (thoracic),,UNVERIFIED,"No paper publishes a pose requirement for this joint in this pose (joint demand listed from Heavy file 1, mechanics only)",n/a (the blank is the honest cell),Not measured by Base: grey 'not measured by Base'. No new test proposed,no
TWS10,Twists,Supta Matsyendrasana,Reclined Spinal Twist,Knee,Flexion,,UNVERIFIED,"No paper publishes a pose requirement for this joint in this pose (joint demand listed from Heavy file 1, mechanics only)",n/a (the blank is the honest cell),Not measured by Base: grey 'not measured by Base'. No new test proposed,no
TWS11,Twists,Parivrtta Anjaneyasana,Revolved Low Lunge,Spine,Rotation (thoracic),,UNVERIFIED,"No paper publishes a pose requirement for this joint in this pose (joint demand listed from Heavy file 1, mechanics only)",n/a (the blank is the honest cell),Not measured by Base: grey 'not measured by Base'. No new test proposed,no
TWS11,Twists,Parivrtta Anjaneyasana,Revolved Low Lunge,Hip,"Flexion, knee bent",,UNVERIFIED,"No paper publishes a pose requirement for this joint in this pose (joint demand listed from Heavy file 1, mechanics only)",n/a (the blank is the honest cell),Base tests straight-leg raise instead (different movement). Bent-knee hip flexion is NOT measured by Base: grey 'not measured by Base'. No new test proposed,no
TWS11,Twists,Parivrtta Anjaneyasana,Revolved Low Lunge,Hip,Extension,,UNVERIFIED,"No paper publishes a pose requirement for this joint in this pose (joint demand listed from Heavy file 1, mechanics only)",n/a (the blank is the honest cell),Not measured by Base: grey 'not measured by Base'. No new test proposed,no
TWS12,Twists,Parivrtta Hasta Padangusthasana,Revolved Hand-to-Big-Toe,Spine,Rotation (thoracic),,UNVERIFIED,"No paper publishes a pose requirement for this joint in this pose (joint demand listed from Heavy file 1, mechanics only)",n/a (the blank is the honest cell),Not measured by Base: grey 'not measured by Base'. No new test proposed,no
TWS12,Twists,Parivrtta Hasta Padangusthasana,Revolved Hand-to-Big-Toe,Hip,"Flexion, knee straight",,UNVERIFIED,"No paper publishes a pose requirement for this joint in this pose (joint demand listed from Heavy file 1, mechanics only)",n/a (the blank is the honest cell),"Supine straight-leg raise, phone on shin, knee stays straight (Base tests this one)",yes
TWS12,Twists,Parivrtta Hasta Padangusthasana,Revolved Hand-to-Big-Toe,Knee,Extension (to straight),,UNVERIFIED,"No paper publishes a pose requirement for this joint in this pose (joint demand listed from Heavy file 1, mechanics only)",n/a (the blank is the honest cell),Not measured by Base: grey 'not measured by Base'. No new test proposed,no
TWS13,Twists,Parivrtta Upavistha Konasana,Revolved Wide-Angle Seat,Hip,Abduction,,UNVERIFIED,"No paper publishes a pose requirement for this joint in this pose (joint demand listed from Heavy file 1, mechanics only)",n/a (the blank is the honest cell),"Standing, leg out to side, phone on front of thigh (Base tests this)",yes
TWS13,Twists,Parivrtta Upavistha Konasana,Revolved Wide-Angle Seat,Spine,Rotation (thoracic),,UNVERIFIED,"No paper publishes a pose requirement for this joint in this pose (joint demand listed from Heavy file 1, mechanics only)",n/a (the blank is the honest cell),Not measured by Base: grey 'not measured by Base'. No new test proposed,no
TWS13,Twists,Parivrtta Upavistha Konasana,Revolved Wide-Angle Seat,Knee,Extension (to straight),,UNVERIFIED,"No paper publishes a pose requirement for this joint in this pose (joint demand listed from Heavy file 1, mechanics only)",n/a (the blank is the honest cell),Not measured by Base: grey 'not measured by Base'. No new test proposed,no
TWS14,Twists,Parsva Balasana,Thread the Needle,Shoulder,Flexion (overhead),,UNVERIFIED,"No paper publishes a pose requirement for this joint in this pose (joint demand listed from Heavy file 1, mechanics only)",n/a (the blank is the honest cell),"Standing, arm overhead, phone on upper arm (Base tests this)",yes
TWS14,Twists,Parsva Balasana,Thread the Needle,Spine,Rotation (thoracic),,UNVERIFIED,"No paper publishes a pose requirement for this joint in this pose (joint demand listed from Heavy file 1, mechanics only)",n/a (the blank is the honest cell),Not measured by Base: grey 'not measured by Base'. No new test proposed,no
TWS14,Twists,Parsva Balasana,Thread the Needle,Hip,"Flexion, knee bent",,UNVERIFIED,"No paper publishes a pose requirement for this joint in this pose (joint demand listed from Heavy file 1, mechanics only)",n/a (the blank is the honest cell),Base tests straight-leg raise instead (different movement). Bent-knee hip flexion is NOT measured by Base: grey 'not measured by Base'. No new test proposed,no
TWS15,Twists,Bharadvajasana II,Bharadvaja's Twist II (one leg half lotus),Spine,Rotation (thoracic),,UNVERIFIED,"No paper publishes a pose requirement for this joint in this pose (joint demand listed from Heavy file 1, mechanics only)",n/a (the blank is the honest cell),Not measured by Base: grey 'not measured by Base'. No new test proposed,no
TWS15,Twists,Bharadvajasana II,Bharadvaja's Twist II (one leg half lotus),Hip,External rotation,,UNVERIFIED,"No paper publishes a pose requirement for this joint in this pose (joint demand listed from Heavy file 1, mechanics only)",n/a (the blank is the honest cell),"Seated, hip and knee at 90, shin swings inward, phone on shin (Base tests this). Coarse: pose end-range is a different position",yes
ARM01,Arm balances,Bakasana,Crow / Crane,Wrist,Extension (loaded),,UNVERIFIED,"No paper publishes a pose requirement for this joint in this pose (joint demand listed from Heavy file 1, mechanics only)",n/a (the blank is the honest cell),Not measured by Base: grey 'not measured by Base'. No new test proposed,no
ARM01,Arm balances,Bakasana,Crow / Crane,Shoulder,Flexion (overhead),,UNVERIFIED,"No paper publishes a pose requirement for this joint in this pose (joint demand listed from Heavy file 1, mechanics only)",n/a (the blank is the honest cell),"Standing, arm overhead, phone on upper arm (Base tests this)",yes
ARM01,Arm balances,Bakasana,Crow / Crane,Hip,"Flexion, knee bent",,UNVERIFIED,"No paper publishes a pose requirement for this joint in this pose (joint demand listed from Heavy file 1, mechanics only)",n/a (the blank is the honest cell),Base tests straight-leg raise instead (different movement). Bent-knee hip flexion is NOT measured by Base: grey 'not measured by Base'. No new test proposed,no
ARM01,Arm balances,Bakasana,Crow / Crane,Knee,Flexion,,UNVERIFIED,"No paper publishes a pose requirement for this joint in this pose (joint demand listed from Heavy file 1, mechanics only)",n/a (the blank is the honest cell),Not measured by Base: grey 'not measured by Base'. No new test proposed,no
ARM01,Arm balances,Bakasana,Crow / Crane,Spine,Flexion (lumbar and thoracic not separable),,UNVERIFIED,"No paper publishes a pose requirement for this joint in this pose (joint demand listed from Heavy file 1, mechanics only)",n/a (the blank is the honest cell),Proxy only: Base lumbar flexion stands in; thoracic not separable. Flag 'lumbar only',unknown
ARM02,Arm balances,Kakasana,Crow (arms bent),Wrist,Extension (loaded),,UNVERIFIED,"No paper publishes a pose requirement for this joint in this pose (joint demand listed from Heavy file 1, mechanics only)",n/a (the blank is the honest cell),Not measured by Base: grey 'not measured by Base'. No new test proposed,no
ARM02,Arm balances,Kakasana,Crow (arms bent),Elbow,Flexion,,UNVERIFIED,"No paper publishes a pose requirement for this joint in this pose (joint demand listed from Heavy file 1, mechanics only)",n/a (the blank is the honest cell),Not measured by Base: grey 'not measured by Base'. No new test proposed,no
ARM02,Arm balances,Kakasana,Crow (arms bent),Hip,"Flexion, knee bent",,UNVERIFIED,"No paper publishes a pose requirement for this joint in this pose (joint demand listed from Heavy file 1, mechanics only)",n/a (the blank is the honest cell),Base tests straight-leg raise instead (different movement). Bent-knee hip flexion is NOT measured by Base: grey 'not measured by Base'. No new test proposed,no
ARM03,Arm balances,Parsva Bakasana,Side Crow,Wrist,Extension (loaded),,UNVERIFIED,"No paper publishes a pose requirement for this joint in this pose (joint demand listed from Heavy file 1, mechanics only)",n/a (the blank is the honest cell),Not measured by Base: grey 'not measured by Base'. No new test proposed,no
ARM03,Arm balances,Parsva Bakasana,Side Crow,Spine,Rotation (thoracic),,UNVERIFIED,"No paper publishes a pose requirement for this joint in this pose (joint demand listed from Heavy file 1, mechanics only)",n/a (the blank is the honest cell),Not measured by Base: grey 'not measured by Base'. No new test proposed,no
ARM03,Arm balances,Parsva Bakasana,Side Crow,Hip,"Flexion, knee bent",,UNVERIFIED,"No paper publishes a pose requirement for this joint in this pose (joint demand listed from Heavy file 1, mechanics only)",n/a (the blank is the honest cell),Base tests straight-leg raise instead (different movement). Bent-knee hip flexion is NOT measured by Base: grey 'not measured by Base'. No new test proposed,no
ARM04,Arm balances,Eka Pada Bakasana,One-Legged Crow,Wrist,Extension (loaded),,UNVERIFIED,"No paper publishes a pose requirement for this joint in this pose (joint demand listed from Heavy file 1, mechanics only)",n/a (the blank is the honest cell),Not measured by Base: grey 'not measured by Base'. No new test proposed,no
ARM04,Arm balances,Eka Pada Bakasana,One-Legged Crow,Hip,"Flexion, knee bent",,UNVERIFIED,"No paper publishes a pose requirement for this joint in this pose (joint demand listed from Heavy file 1, mechanics only)",n/a (the blank is the honest cell),Base tests straight-leg raise instead (different movement). Bent-knee hip flexion is NOT measured by Base: grey 'not measured by Base'. No new test proposed,no
ARM04,Arm balances,Eka Pada Bakasana,One-Legged Crow,Hip,Extension,,UNVERIFIED,"No paper publishes a pose requirement for this joint in this pose (joint demand listed from Heavy file 1, mechanics only)",n/a (the blank is the honest cell),Not measured by Base: grey 'not measured by Base'. No new test proposed,no
ARM05,Arm balances,Astavakrasana,Eight-Angle,Wrist,Extension (loaded),,UNVERIFIED,"No paper publishes a pose requirement for this joint in this pose (joint demand listed from Heavy file 1, mechanics only)",n/a (the blank is the honest cell),Not measured by Base: grey 'not measured by Base'. No new test proposed,no
ARM05,Arm balances,Astavakrasana,Eight-Angle,Spine,Rotation (thoracic),,UNVERIFIED,"No paper publishes a pose requirement for this joint in this pose (joint demand listed from Heavy file 1, mechanics only)",n/a (the blank is the honest cell),Not measured by Base: grey 'not measured by Base'. No new test proposed,no
ARM05,Arm balances,Astavakrasana,Eight-Angle,Hip,"Flexion, knee bent",,UNVERIFIED,"No paper publishes a pose requirement for this joint in this pose (joint demand listed from Heavy file 1, mechanics only)",n/a (the blank is the honest cell),Base tests straight-leg raise instead (different movement). Bent-knee hip flexion is NOT measured by Base: grey 'not measured by Base'. No new test proposed,no
ARM06,Arm balances,Bhujapidasana,Shoulder-Pressing,Wrist,Extension (loaded),,UNVERIFIED,"No paper publishes a pose requirement for this joint in this pose (joint demand listed from Heavy file 1, mechanics only)",n/a (the blank is the honest cell),Not measured by Base: grey 'not measured by Base'. No new test proposed,no
ARM06,Arm balances,Bhujapidasana,Shoulder-Pressing,Hip,"Flexion, knee bent",,UNVERIFIED,"No paper publishes a pose requirement for this joint in this pose (joint demand listed from Heavy file 1, mechanics only)",n/a (the blank is the honest cell),Base tests straight-leg raise instead (different movement). Bent-knee hip flexion is NOT measured by Base: grey 'not measured by Base'. No new test proposed,no
ARM07,Arm balances,Tittibhasana,Firefly,Wrist,Extension (loaded),,UNVERIFIED,"No paper publishes a pose requirement for this joint in this pose (joint demand listed from Heavy file 1, mechanics only)",n/a (the blank is the honest cell),Not measured by Base: grey 'not measured by Base'. No new test proposed,no
ARM07,Arm balances,Tittibhasana,Firefly,Hip,"Flexion, knee bent",,UNVERIFIED,"No paper publishes a pose requirement for this joint in this pose (joint demand listed from Heavy file 1, mechanics only)",n/a (the blank is the honest cell),Base tests straight-leg raise instead (different movement). Bent-knee hip flexion is NOT measured by Base: grey 'not measured by Base'. No new test proposed,no
ARM07,Arm balances,Tittibhasana,Firefly,Hip,Abduction,,UNVERIFIED,"No paper publishes a pose requirement for this joint in this pose (joint demand listed from Heavy file 1, mechanics only)",n/a (the blank is the honest cell),"Standing, leg out to side, phone on front of thigh (Base tests this)",yes
ARM07,Arm balances,Tittibhasana,Firefly,Knee,Extension (to straight),,UNVERIFIED,"No paper publishes a pose requirement for this joint in this pose (joint demand listed from Heavy file 1, mechanics only)",n/a (the blank is the honest cell),Not measured by Base: grey 'not measured by Base'. No new test proposed,no
ARM08,Arm balances,Eka Pada Galavasana,Flying Pigeon,Wrist,Extension (loaded),,UNVERIFIED,"No paper publishes a pose requirement for this joint in this pose (joint demand listed from Heavy file 1, mechanics only)",n/a (the blank is the honest cell),Not measured by Base: grey 'not measured by Base'. No new test proposed,no
ARM08,Arm balances,Eka Pada Galavasana,Flying Pigeon,Hip,"Flexion, knee bent",,UNVERIFIED,"No paper publishes a pose requirement for this joint in this pose (joint demand listed from Heavy file 1, mechanics only)",n/a (the blank is the honest cell),Base tests straight-leg raise instead (different movement). Bent-knee hip flexion is NOT measured by Base: grey 'not measured by Base'. No new test proposed,no
ARM08,Arm balances,Eka Pada Galavasana,Flying Pigeon,Hip,External rotation,,UNVERIFIED,"No paper publishes a pose requirement for this joint in this pose (joint demand listed from Heavy file 1, mechanics only)",n/a (the blank is the honest cell),"Seated, hip and knee at 90, shin swings inward, phone on shin (Base tests this). Coarse: pose end-range is a different position",yes
ARM09,Arm balances,Mayurasana,Peacock,Wrist,Extension (loaded),,UNVERIFIED,"No paper publishes a pose requirement for this joint in this pose (joint demand listed from Heavy file 1, mechanics only)",n/a (the blank is the honest cell),Not measured by Base: grey 'not measured by Base'. No new test proposed,no
ARM09,Arm balances,Mayurasana,Peacock,Elbow,Flexion,,UNVERIFIED,"No paper publishes a pose requirement for this joint in this pose (joint demand listed from Heavy file 1, mechanics only)",n/a (the blank is the honest cell),Not measured by Base: grey 'not measured by Base'. No new test proposed,no
ARM09,Arm balances,Mayurasana,Peacock,Spine,Extension (lumbar and thoracic not separable),,UNVERIFIED,"No paper publishes a pose requirement for this joint in this pose (joint demand listed from Heavy file 1, mechanics only)",n/a (the blank is the honest cell),Proxy only: Base lumbar extension stands in; thoracic not separable. Flag 'lumbar only',unknown
ARM10,Arm balances,Koundinyasana (Eka Pada Koundinyasana),Sage Koundinya,Wrist,Extension (loaded),,UNVERIFIED,"No paper publishes a pose requirement for this joint in this pose (joint demand listed from Heavy file 1, mechanics only)",n/a (the blank is the honest cell),Not measured by Base: grey 'not measured by Base'. No new test proposed,no
ARM10,Arm balances,Koundinyasana (Eka Pada Koundinyasana),Sage Koundinya,Spine,Rotation (thoracic),,UNVERIFIED,"No paper publishes a pose requirement for this joint in this pose (joint demand listed from Heavy file 1, mechanics only)",n/a (the blank is the honest cell),Not measured by Base: grey 'not measured by Base'. No new test proposed,no
ARM10,Arm balances,Koundinyasana (Eka Pada Koundinyasana),Sage Koundinya,Hip,"Flexion, knee bent",,UNVERIFIED,"No paper publishes a pose requirement for this joint in this pose (joint demand listed from Heavy file 1, mechanics only)",n/a (the blank is the honest cell),Base tests straight-leg raise instead (different movement). Bent-knee hip flexion is NOT measured by Base: grey 'not measured by Base'. No new test proposed,no
ARM10,Arm balances,Koundinyasana (Eka Pada Koundinyasana),Sage Koundinya,Hip,Abduction,,UNVERIFIED,"No paper publishes a pose requirement for this joint in this pose (joint demand listed from Heavy file 1, mechanics only)",n/a (the blank is the honest cell),"Standing, leg out to side, phone on front of thigh (Base tests this)",yes
ARM11,Arm balances,Lolasana,Pendant,Wrist,Extension (loaded),,UNVERIFIED,"No paper publishes a pose requirement for this joint in this pose (joint demand listed from Heavy file 1, mechanics only)",n/a (the blank is the honest cell),Not measured by Base: grey 'not measured by Base'. No new test proposed,no
ARM11,Arm balances,Lolasana,Pendant,Hip,"Flexion, knee bent",,UNVERIFIED,"No paper publishes a pose requirement for this joint in this pose (joint demand listed from Heavy file 1, mechanics only)",n/a (the blank is the honest cell),Base tests straight-leg raise instead (different movement). Bent-knee hip flexion is NOT measured by Base: grey 'not measured by Base'. No new test proposed,no
ARM11,Arm balances,Lolasana,Pendant,Knee,Flexion,,UNVERIFIED,"No paper publishes a pose requirement for this joint in this pose (joint demand listed from Heavy file 1, mechanics only)",n/a (the blank is the honest cell),Not measured by Base: grey 'not measured by Base'. No new test proposed,no
ARM12,Arm balances,Tolasana,Scale,Wrist,Extension (loaded),,UNVERIFIED,"No paper publishes a pose requirement for this joint in this pose (joint demand listed from Heavy file 1, mechanics only)",n/a (the blank is the honest cell),Not measured by Base: grey 'not measured by Base'. No new test proposed,no
ARM12,Arm balances,Tolasana,Scale,Hip,External rotation,,UNVERIFIED,"No paper publishes a pose requirement for this joint in this pose (joint demand listed from Heavy file 1, mechanics only)",n/a (the blank is the honest cell),"Seated, hip and knee at 90, shin swings inward, phone on shin (Base tests this). Coarse: pose end-range is a different position",yes
ARM13,Arm balances,Dwi Pada Koundinyasana,Two-Leg Sage,Wrist,Extension (loaded),,UNVERIFIED,"No paper publishes a pose requirement for this joint in this pose (joint demand listed from Heavy file 1, mechanics only)",n/a (the blank is the honest cell),Not measured by Base: grey 'not measured by Base'. No new test proposed,no
ARM13,Arm balances,Dwi Pada Koundinyasana,Two-Leg Sage,Hip,"Flexion, knee bent",,UNVERIFIED,"No paper publishes a pose requirement for this joint in this pose (joint demand listed from Heavy file 1, mechanics only)",n/a (the blank is the honest cell),Base tests straight-leg raise instead (different movement). Bent-knee hip flexion is NOT measured by Base: grey 'not measured by Base'. No new test proposed,no
ARM13,Arm balances,Dwi Pada Koundinyasana,Two-Leg Sage,Spine,Rotation (thoracic),,UNVERIFIED,"No paper publishes a pose requirement for this joint in this pose (joint demand listed from Heavy file 1, mechanics only)",n/a (the blank is the honest cell),Not measured by Base: grey 'not measured by Base'. No new test proposed,no
INV01,Inversions,Adho Mukha Vrksasana,Handstand,Shoulder,Flexion (overhead),,UNVERIFIED,"No paper publishes a pose requirement for this joint in this pose (joint demand listed from Heavy file 1, mechanics only)",n/a (the blank is the honest cell),"Standing, arm overhead, phone on upper arm (Base tests this)",yes
INV01,Inversions,Adho Mukha Vrksasana,Handstand,Wrist,Extension (loaded),,UNVERIFIED,"No paper publishes a pose requirement for this joint in this pose (joint demand listed from Heavy file 1, mechanics only)",n/a (the blank is the honest cell),Not measured by Base: grey 'not measured by Base'. No new test proposed,no
INV02,Inversions,Pincha Mayurasana,Forearm Stand / Feathered Peacock,Elbow,Flexion,,UNVERIFIED,"No paper publishes a pose requirement for this joint in this pose (joint demand listed from Heavy file 1, mechanics only)",n/a (the blank is the honest cell),Not measured by Base: grey 'not measured by Base'. No new test proposed,no
INV02,Inversions,Pincha Mayurasana,Forearm Stand / Feathered Peacock,Shoulder,Flexion (overhead),,UNVERIFIED,"No paper publishes a pose requirement for this joint in this pose (joint demand listed from Heavy file 1, mechanics only)",n/a (the blank is the honest cell),"Standing, arm overhead, phone on upper arm (Base tests this)",yes
INV03,Inversions,Sirsasana,Supported Headstand,Shoulder,Flexion (overhead),,UNVERIFIED,"No paper publishes a pose requirement for this joint in this pose (joint demand listed from Heavy file 1, mechanics only)",n/a (the blank is the honest cell),"Standing, arm overhead, phone on upper arm (Base tests this)",yes
INV03,Inversions,Sirsasana,Supported Headstand,Cervical,Flexion,,UNVERIFIED,"No paper publishes a pose requirement for this joint in this pose (joint demand listed from Heavy file 1, mechanics only)",n/a (the blank is the honest cell),Seated side clip / phone at temple (Base tests this),yes
INV04,Inversions,Salamba Sarvangasana,Supported Shoulderstand,Shoulder,Flexion (overhead),,UNVERIFIED,"No paper publishes a pose requirement for this joint in this pose (joint demand listed from Heavy file 1, mechanics only)",n/a (the blank is the honest cell),"Standing, arm overhead, phone on upper arm (Base tests this)",yes
INV04,Inversions,Salamba Sarvangasana,Supported Shoulderstand,Hip,"Flexion, knee bent",,UNVERIFIED,"No paper publishes a pose requirement for this joint in this pose (joint demand listed from Heavy file 1, mechanics only)",n/a (the blank is the honest cell),Base tests straight-leg raise instead (different movement). Bent-knee hip flexion is NOT measured by Base: grey 'not measured by Base'. No new test proposed,no
INV04,Inversions,Salamba Sarvangasana,Supported Shoulderstand,Spine,Flexion (lumbar and thoracic not separable),,UNVERIFIED,"No paper publishes a pose requirement for this joint in this pose (joint demand listed from Heavy file 1, mechanics only)",n/a (the blank is the honest cell),Proxy only: Base lumbar flexion stands in; thoracic not separable. Flag 'lumbar only',unknown
INV04,Inversions,Salamba Sarvangasana,Supported Shoulderstand,Cervical,Flexion,,UNVERIFIED,"No paper publishes a pose requirement for this joint in this pose (joint demand listed from Heavy file 1, mechanics only)",n/a (the blank is the honest cell),Seated side clip / phone at temple (Base tests this),yes
INV05,Inversions,Halasana,Plow,Shoulder,Flexion (overhead),,UNVERIFIED,"No paper publishes a pose requirement for this joint in this pose (joint demand listed from Heavy file 1, mechanics only)",n/a (the blank is the honest cell),"Standing, arm overhead, phone on upper arm (Base tests this)",yes
INV05,Inversions,Halasana,Plow,Spine,Flexion (lumbar and thoracic not separable),,UNVERIFIED,"No paper publishes a pose requirement for this joint in this pose (joint demand listed from Heavy file 1, mechanics only)",n/a (the blank is the honest cell),Proxy only: Base lumbar flexion stands in; thoracic not separable. Flag 'lumbar only',unknown
INV05,Inversions,Halasana,Plow,Hip,"Flexion, knee bent",,UNVERIFIED,"No paper publishes a pose requirement for this joint in this pose (joint demand listed from Heavy file 1, mechanics only)",n/a (the blank is the honest cell),Base tests straight-leg raise instead (different movement). Bent-knee hip flexion is NOT measured by Base: grey 'not measured by Base'. No new test proposed,no
INV06,Inversions,Karnapidasana,Ear Pressure,Spine,Flexion (lumbar and thoracic not separable),,UNVERIFIED,"No paper publishes a pose requirement for this joint in this pose (joint demand listed from Heavy file 1, mechanics only)",n/a (the blank is the honest cell),Proxy only: Base lumbar flexion stands in; thoracic not separable. Flag 'lumbar only',unknown
INV06,Inversions,Karnapidasana,Ear Pressure,Hip,"Flexion, knee bent",,UNVERIFIED,"No paper publishes a pose requirement for this joint in this pose (joint demand listed from Heavy file 1, mechanics only)",n/a (the blank is the honest cell),Base tests straight-leg raise instead (different movement). Bent-knee hip flexion is NOT measured by Base: grey 'not measured by Base'. No new test proposed,no
INV06,Inversions,Karnapidasana,Ear Pressure,Knee,Flexion,,UNVERIFIED,"No paper publishes a pose requirement for this joint in this pose (joint demand listed from Heavy file 1, mechanics only)",n/a (the blank is the honest cell),Not measured by Base: grey 'not measured by Base'. No new test proposed,no
INV07,Inversions,Viparita Karani,Legs-Up-the-Wall,Hip,"Flexion, knee straight",,UNVERIFIED,"No paper publishes a pose requirement for this joint in this pose (joint demand listed from Heavy file 1, mechanics only)",n/a (the blank is the honest cell),"Supine straight-leg raise, phone on shin, knee stays straight (Base tests this one)",yes
INV07,Inversions,Viparita Karani,Legs-Up-the-Wall,Knee,Extension (to straight),,UNVERIFIED,"No paper publishes a pose requirement for this joint in this pose (joint demand listed from Heavy file 1, mechanics only)",n/a (the blank is the honest cell),Not measured by Base: grey 'not measured by Base'. No new test proposed,no
INV08,Inversions,Ardha Pincha Mayurasana,Dolphin,Elbow,Flexion,,UNVERIFIED,"No paper publishes a pose requirement for this joint in this pose (joint demand listed from Heavy file 1, mechanics only)",n/a (the blank is the honest cell),Not measured by Base: grey 'not measured by Base'. No new test proposed,no
INV08,Inversions,Ardha Pincha Mayurasana,Dolphin,Shoulder,Flexion (overhead),,UNVERIFIED,"No paper publishes a pose requirement for this joint in this pose (joint demand listed from Heavy file 1, mechanics only)",n/a (the blank is the honest cell),"Standing, arm overhead, phone on upper arm (Base tests this)",yes
INV08,Inversions,Ardha Pincha Mayurasana,Dolphin,Hip,"Flexion, knee bent",,UNVERIFIED,"No paper publishes a pose requirement for this joint in this pose (joint demand listed from Heavy file 1, mechanics only)",n/a (the blank is the honest cell),Base tests straight-leg raise instead (different movement). Bent-knee hip flexion is NOT measured by Base: grey 'not measured by Base'. No new test proposed,no
INV09,Inversions,Eka Pada Adho Mukha Svanasana,Three-Legged Dog,Shoulder,Flexion (overhead),,UNVERIFIED,"No paper publishes a pose requirement for this joint in this pose (joint demand listed from Heavy file 1, mechanics only)",n/a (the blank is the honest cell),"Standing, arm overhead, phone on upper arm (Base tests this)",yes
INV09,Inversions,Eka Pada Adho Mukha Svanasana,Three-Legged Dog,Hip,Extension - lifted leg,,UNVERIFIED,"No paper publishes a pose requirement for this joint in this pose (joint demand listed from Heavy file 1, mechanics only)",n/a (the blank is the honest cell),Not measured by Base: grey 'not measured by Base'. No new test proposed,no
INV09,Inversions,Eka Pada Adho Mukha Svanasana,Three-Legged Dog,Hip,"Flexion, knee bent - standing leg",,UNVERIFIED,"No paper publishes a pose requirement for this joint in this pose (joint demand listed from Heavy file 1, mechanics only)",n/a (the blank is the honest cell),Base tests straight-leg raise instead (different movement). Bent-knee hip flexion is NOT measured by Base: grey 'not measured by Base'. No new test proposed,no
INV10,Inversions,Mukta Hasta Sirsasana,Hands-Free Headstand,Shoulder,Flexion (overhead),,UNVERIFIED,"No paper publishes a pose requirement for this joint in this pose (joint demand listed from Heavy file 1, mechanics only)",n/a (the blank is the honest cell),"Standing, arm overhead, phone on upper arm (Base tests this)",yes
INV11,Inversions,Urdhva Padmasana (in shoulderstand),Upward Lotus in Shoulderstand,Hip,External rotation,,UNVERIFIED,"No paper publishes a pose requirement for this joint in this pose (joint demand listed from Heavy file 1, mechanics only)",n/a (the blank is the honest cell),"Seated, hip and knee at 90, shin swings inward, phone on shin (Base tests this). Coarse: pose end-range is a different position",yes
INV11,Inversions,Urdhva Padmasana (in shoulderstand),Upward Lotus in Shoulderstand,Knee,Flexion,,UNVERIFIED,"No paper publishes a pose requirement for this joint in this pose (joint demand listed from Heavy file 1, mechanics only)",n/a (the blank is the honest cell),Not measured by Base: grey 'not measured by Base'. No new test proposed,no
COR01,Core and plank,Phalakasana (forearm),Forearm Plank,Shoulder,Flexion (overhead),,UNVERIFIED,"No paper publishes a pose requirement for this joint in this pose (joint demand listed from Heavy file 1, mechanics only)",n/a (the blank is the honest cell),"Standing, arm overhead, phone on upper arm (Base tests this)",yes
COR01,Core and plank,Phalakasana (forearm),Forearm Plank,Elbow,Flexion,,UNVERIFIED,"No paper publishes a pose requirement for this joint in this pose (joint demand listed from Heavy file 1, mechanics only)",n/a (the blank is the honest cell),Not measured by Base: grey 'not measured by Base'. No new test proposed,no
COR02,Core and plank,Vasisthasana,Side Plank,Shoulder,Abduction,,UNVERIFIED,"No paper publishes a pose requirement for this joint in this pose (joint demand listed from Heavy file 1, mechanics only)",n/a (the blank is the honest cell),Not measured by Base: grey 'not measured by Base'. No new test proposed,no
COR02,Core and plank,Vasisthasana,Side Plank,Wrist,Extension (loaded),,UNVERIFIED,"No paper publishes a pose requirement for this joint in this pose (joint demand listed from Heavy file 1, mechanics only)",n/a (the blank is the honest cell),Not measured by Base: grey 'not measured by Base'. No new test proposed,no
COR03,Core and plank,Paripurna Navasana,Full Boat,Hip,"Flexion, knee straight",,UNVERIFIED,"No paper publishes a pose requirement for this joint in this pose (joint demand listed from Heavy file 1, mechanics only)",n/a (the blank is the honest cell),"Supine straight-leg raise, phone on shin, knee stays straight (Base tests this one)",yes
COR04,Core and plank,Ardha Navasana,Half Boat,Hip,"Flexion, knee bent",,UNVERIFIED,"No paper publishes a pose requirement for this joint in this pose (joint demand listed from Heavy file 1, mechanics only)",n/a (the blank is the honest cell),Base tests straight-leg raise instead (different movement). Bent-knee hip flexion is NOT measured by Base: grey 'not measured by Base'. No new test proposed,no
COR04,Core and plank,Ardha Navasana,Half Boat,Spine,Flexion (lumbar and thoracic not separable),,UNVERIFIED,"No paper publishes a pose requirement for this joint in this pose (joint demand listed from Heavy file 1, mechanics only)",n/a (the blank is the honest cell),Proxy only: Base lumbar flexion stands in; thoracic not separable. Flag 'lumbar only',unknown
COR05,Core and plank,Eka Pada Phalakasana,One-Legged Plank,Hip,Extension - lifted leg,,UNVERIFIED,"No paper publishes a pose requirement for this joint in this pose (joint demand listed from Heavy file 1, mechanics only)",n/a (the blank is the honest cell),Not measured by Base: grey 'not measured by Base'. No new test proposed,no
COR05,Core and plank,Eka Pada Phalakasana,One-Legged Plank,Shoulder,Flexion (overhead),,UNVERIFIED,"No paper publishes a pose requirement for this joint in this pose (joint demand listed from Heavy file 1, mechanics only)",n/a (the blank is the honest cell),"Standing, arm overhead, phone on upper arm (Base tests this)",yes
COR05,Core and plank,Eka Pada Phalakasana,One-Legged Plank,Wrist,Extension (loaded),,UNVERIFIED,"No paper publishes a pose requirement for this joint in this pose (joint demand listed from Heavy file 1, mechanics only)",n/a (the blank is the honest cell),Not measured by Base: grey 'not measured by Base'. No new test proposed,no
COR06,Core and plank,Eka Pada Vasisthasana,One-Leg Side Plank,Hip,Abduction - lifted leg,,UNVERIFIED,"No paper publishes a pose requirement for this joint in this pose (joint demand listed from Heavy file 1, mechanics only)",n/a (the blank is the honest cell),"Standing, leg out to side, phone on front of thigh (Base tests this)",yes
COR06,Core and plank,Eka Pada Vasisthasana,One-Leg Side Plank,Shoulder,Abduction,,UNVERIFIED,"No paper publishes a pose requirement for this joint in this pose (joint demand listed from Heavy file 1, mechanics only)",n/a (the blank is the honest cell),Not measured by Base: grey 'not measured by Base'. No new test proposed,no
COR06,Core and plank,Eka Pada Vasisthasana,One-Leg Side Plank,Wrist,Extension (loaded),,UNVERIFIED,"No paper publishes a pose requirement for this joint in this pose (joint demand listed from Heavy file 1, mechanics only)",n/a (the blank is the honest cell),Not measured by Base: grey 'not measured by Base'. No new test proposed,no
COR07,Core and plank,(none: core exercise),Supine Alternating Reach (dead-bug),Hip,"Flexion, knee bent",,UNVERIFIED,"No paper publishes a pose requirement for this joint in this pose (joint demand listed from Heavy file 1, mechanics only)",n/a (the blank is the honest cell),Base tests straight-leg raise instead (different movement). Bent-knee hip flexion is NOT measured by Base: grey 'not measured by Base'. No new test proposed,no
COR07,Core and plank,(none: core exercise),Supine Alternating Reach (dead-bug),Shoulder,Flexion (overhead),,UNVERIFIED,"No paper publishes a pose requirement for this joint in this pose (joint demand listed from Heavy file 1, mechanics only)",n/a (the blank is the honest cell),"Standing, arm overhead, phone on upper arm (Base tests this)",yes
SIT01,Seated,Sukhasana,Easy Pose,Hip,External rotation,,UNVERIFIED,"No paper publishes a pose requirement for this joint in this pose (joint demand listed from Heavy file 1, mechanics only)",n/a (the blank is the honest cell),"Seated, hip and knee at 90, shin swings inward, phone on shin (Base tests this). Coarse: pose end-range is a different position",yes
SIT01,Seated,Sukhasana,Easy Pose,Knee,Flexion,,UNVERIFIED,"No paper publishes a pose requirement for this joint in this pose (joint demand listed from Heavy file 1, mechanics only)",n/a (the blank is the honest cell),Not measured by Base: grey 'not measured by Base'. No new test proposed,no
SIT02,Seated,Siddhasana,Accomplished Pose,Hip,External rotation,,UNVERIFIED,"No paper publishes a pose requirement for this joint in this pose (joint demand listed from Heavy file 1, mechanics only)",n/a (the blank is the honest cell),"Seated, hip and knee at 90, shin swings inward, phone on shin (Base tests this). Coarse: pose end-range is a different position",yes
SIT02,Seated,Siddhasana,Accomplished Pose,Knee,Flexion,,UNVERIFIED,"No paper publishes a pose requirement for this joint in this pose (joint demand listed from Heavy file 1, mechanics only)",n/a (the blank is the honest cell),Not measured by Base: grey 'not measured by Base'. No new test proposed,no
SIT03,Seated,Padmasana,Lotus,Hip,External rotation,,UNVERIFIED,"No paper publishes a pose requirement for this joint in this pose (joint demand listed from Heavy file 1, mechanics only)",n/a (the blank is the honest cell),"Seated, hip and knee at 90, shin swings inward, phone on shin (Base tests this). Coarse: pose end-range is a different position",yes
SIT03,Seated,Padmasana,Lotus,Knee,Flexion,,UNVERIFIED,"No paper publishes a pose requirement for this joint in this pose (joint demand listed from Heavy file 1, mechanics only)",n/a (the blank is the honest cell),Not measured by Base: grey 'not measured by Base'. No new test proposed,no
SIT03,Seated,Padmasana,Lotus,Ankle,"Dorsiflexion, knee bent",,UNVERIFIED,"No paper publishes a pose requirement for this joint in this pose (joint demand listed from Heavy file 1, mechanics only)",n/a (the blank is the honest cell),Base knee-to-wall lunge (recorded in cm today; needs degrees: known bug),yes
SIT04,Seated,Ardha Padmasana,Half Lotus,Hip,External rotation - one side,,UNVERIFIED,"No paper publishes a pose requirement for this joint in this pose (joint demand listed from Heavy file 1, mechanics only)",n/a (the blank is the honest cell),"Seated, hip and knee at 90, shin swings inward, phone on shin (Base tests this). Coarse: pose end-range is a different position",yes
SIT04,Seated,Ardha Padmasana,Half Lotus,Knee,Flexion - one side,,UNVERIFIED,"No paper publishes a pose requirement for this joint in this pose (joint demand listed from Heavy file 1, mechanics only)",n/a (the blank is the honest cell),Not measured by Base: grey 'not measured by Base'. No new test proposed,no
SIT05,Seated,Vajrasana,Thunderbolt / Diamond,Knee,Flexion,,UNVERIFIED,"No paper publishes a pose requirement for this joint in this pose (joint demand listed from Heavy file 1, mechanics only)",n/a (the blank is the honest cell),Not measured by Base: grey 'not measured by Base'. No new test proposed,no
SIT05,Seated,Vajrasana,Thunderbolt / Diamond,Ankle,Plantarflexion,,UNVERIFIED,"No paper publishes a pose requirement for this joint in this pose (joint demand listed from Heavy file 1, mechanics only)",n/a (the blank is the honest cell),Not measured by Base: grey 'not measured by Base'. No new test proposed,no
SIT06,Seated,Ardha Virasana,Half Hero,Knee,Flexion,,UNVERIFIED,"No paper publishes a pose requirement for this joint in this pose (joint demand listed from Heavy file 1, mechanics only)",n/a (the blank is the honest cell),Not measured by Base: grey 'not measured by Base'. No new test proposed,no
SIT06,Seated,Ardha Virasana,Half Hero,Hip,Internal rotation,,UNVERIFIED,"No paper publishes a pose requirement for this joint in this pose (joint demand listed from Heavy file 1, mechanics only)",n/a (the blank is the honest cell),"Seated, hip and knee at 90, shin swings outward, phone on shin (Base tests this)",yes
SIT07,Seated,Dandasana,Staff,Hip,"Flexion, knee straight",,UNVERIFIED,"No paper publishes a pose requirement for this joint in this pose (joint demand listed from Heavy file 1, mechanics only)",n/a (the blank is the honest cell),"Supine straight-leg raise, phone on shin, knee stays straight (Base tests this one)",yes
SIT07,Seated,Dandasana,Staff,Knee,Extension (to straight),,UNVERIFIED,"No paper publishes a pose requirement for this joint in this pose (joint demand listed from Heavy file 1, mechanics only)",n/a (the blank is the honest cell),Not measured by Base: grey 'not measured by Base'. No new test proposed,no
SIT07,Seated,Dandasana,Staff,Ankle,"Dorsiflexion, knee straight",,UNVERIFIED,"No paper publishes a pose requirement for this joint in this pose (joint demand listed from Heavy file 1, mechanics only)",n/a (the blank is the honest cell),Not measured by Base: grey 'not measured by Base'. No new test proposed,no
SIT08,Seated,Baddha Padmasana,Bound Lotus,Hip,External rotation,,UNVERIFIED,"No paper publishes a pose requirement for this joint in this pose (joint demand listed from Heavy file 1, mechanics only)",n/a (the blank is the honest cell),"Seated, hip and knee at 90, shin swings inward, phone on shin (Base tests this). Coarse: pose end-range is a different position",yes
SIT08,Seated,Baddha Padmasana,Bound Lotus,Shoulder,Internal rotation / extension behind the back (bind),,UNVERIFIED,"No paper publishes a pose requirement for this joint in this pose (joint demand listed from Heavy file 1, mechanics only)",n/a (the blank is the honest cell),Not measured by Base: grey 'not measured by Base'. No new test proposed,no
SIT09,Seated,Gomukhasana,Cow Face,Hip,Adduction,,UNVERIFIED,"No paper publishes a pose requirement for this joint in this pose (joint demand listed from Heavy file 1, mechanics only)",n/a (the blank is the honest cell),Not measured by Base: grey 'not measured by Base'. No new test proposed,no
SIT09,Seated,Gomukhasana,Cow Face,Hip,External rotation,,UNVERIFIED,"No paper publishes a pose requirement for this joint in this pose (joint demand listed from Heavy file 1, mechanics only)",n/a (the blank is the honest cell),"Seated, hip and knee at 90, shin swings inward, phone on shin (Base tests this). Coarse: pose end-range is a different position",yes
SIT09,Seated,Gomukhasana,Cow Face,Hip,Internal rotation,,UNVERIFIED,"No paper publishes a pose requirement for this joint in this pose (joint demand listed from Heavy file 1, mechanics only)",n/a (the blank is the honest cell),"Seated, hip and knee at 90, shin swings outward, phone on shin (Base tests this)",yes
SIT09,Seated,Gomukhasana,Cow Face,Knee,Flexion,,UNVERIFIED,"No paper publishes a pose requirement for this joint in this pose (joint demand listed from Heavy file 1, mechanics only)",n/a (the blank is the honest cell),Not measured by Base: grey 'not measured by Base'. No new test proposed,no
SIT09,Seated,Gomukhasana,Cow Face,Shoulder,Flexion (overhead),,UNVERIFIED,"No paper publishes a pose requirement for this joint in this pose (joint demand listed from Heavy file 1, mechanics only)",n/a (the blank is the honest cell),"Standing, arm overhead, phone on upper arm (Base tests this)",yes
SIT09,Seated,Gomukhasana,Cow Face,Shoulder,"External rotation, arm overhead / behind head",,UNVERIFIED,"No paper publishes a pose requirement for this joint in this pose (joint demand listed from Heavy file 1, mechanics only)",n/a (the blank is the honest cell),Proxy only: Base shoulder ER (arm out to side) is a different position. Flag it,unknown
SIT09,Seated,Gomukhasana,Cow Face,Shoulder,Internal rotation / extension behind the back (bind),,UNVERIFIED,"No paper publishes a pose requirement for this joint in this pose (joint demand listed from Heavy file 1, mechanics only)",n/a (the blank is the honest cell),Not measured by Base: grey 'not measured by Base'. No new test proposed,no
SIT10,Seated,Svastikasana,Auspicious Pose,Hip,External rotation,,UNVERIFIED,"No paper publishes a pose requirement for this joint in this pose (joint demand listed from Heavy file 1, mechanics only)",n/a (the blank is the honest cell),"Seated, hip and knee at 90, shin swings inward, phone on shin (Base tests this). Coarse: pose end-range is a different position",yes
SIT10,Seated,Svastikasana,Auspicious Pose,Knee,Flexion,,UNVERIFIED,"No paper publishes a pose requirement for this joint in this pose (joint demand listed from Heavy file 1, mechanics only)",n/a (the blank is the honest cell),Not measured by Base: grey 'not measured by Base'. No new test proposed,no
SIT11,Seated,Simhasana,Lion,Knee,Flexion,,UNVERIFIED,"No paper publishes a pose requirement for this joint in this pose (joint demand listed from Heavy file 1, mechanics only)",n/a (the blank is the honest cell),Not measured by Base: grey 'not measured by Base'. No new test proposed,no
SUP01,Supine,Supta Baddha Konasana,Reclined Bound Angle,Hip,"Flexion, knee bent",,UNVERIFIED,"No paper publishes a pose requirement for this joint in this pose (joint demand listed from Heavy file 1, mechanics only)",n/a (the blank is the honest cell),Base tests straight-leg raise instead (different movement). Bent-knee hip flexion is NOT measured by Base: grey 'not measured by Base'. No new test proposed,no
SUP01,Supine,Supta Baddha Konasana,Reclined Bound Angle,Hip,External rotation,,UNVERIFIED,"No paper publishes a pose requirement for this joint in this pose (joint demand listed from Heavy file 1, mechanics only)",n/a (the blank is the honest cell),"Seated, hip and knee at 90, shin swings inward, phone on shin (Base tests this). Coarse: pose end-range is a different position",yes
SUP01,Supine,Supta Baddha Konasana,Reclined Bound Angle,Hip,Abduction,,UNVERIFIED,"No paper publishes a pose requirement for this joint in this pose (joint demand listed from Heavy file 1, mechanics only)",n/a (the blank is the honest cell),"Standing, leg out to side, phone on front of thigh (Base tests this)",yes
SUP02,Supine,Ananda Balasana,Happy Baby,Hip,"Flexion, knee bent",,UNVERIFIED,"No paper publishes a pose requirement for this joint in this pose (joint demand listed from Heavy file 1, mechanics only)",n/a (the blank is the honest cell),Base tests straight-leg raise instead (different movement). Bent-knee hip flexion is NOT measured by Base: grey 'not measured by Base'. No new test proposed,no
SUP02,Supine,Ananda Balasana,Happy Baby,Hip,External rotation,,UNVERIFIED,"No paper publishes a pose requirement for this joint in this pose (joint demand listed from Heavy file 1, mechanics only)",n/a (the blank is the honest cell),"Seated, hip and knee at 90, shin swings inward, phone on shin (Base tests this). Coarse: pose end-range is a different position",yes
SUP02,Supine,Ananda Balasana,Happy Baby,Knee,Flexion,,UNVERIFIED,"No paper publishes a pose requirement for this joint in this pose (joint demand listed from Heavy file 1, mechanics only)",n/a (the blank is the honest cell),Not measured by Base: grey 'not measured by Base'. No new test proposed,no
SUP03,Supine,Supta Padangusthasana (A),Reclining Hand-to-Big-Toe,Hip,"Flexion, knee straight",,UNVERIFIED,"No paper publishes a pose requirement for this joint in this pose (joint demand listed from Heavy file 1, mechanics only)",n/a (the blank is the honest cell),"Supine straight-leg raise, phone on shin, knee stays straight (Base tests this one)",yes
SUP03,Supine,Supta Padangusthasana (A),Reclining Hand-to-Big-Toe,Knee,Extension (to straight),,UNVERIFIED,"No paper publishes a pose requirement for this joint in this pose (joint demand listed from Heavy file 1, mechanics only)",n/a (the blank is the honest cell),Not measured by Base: grey 'not measured by Base'. No new test proposed,no
SUP04,Supine,Apanasana,Knees-to-Chest,Hip,"Flexion, knee bent",,UNVERIFIED,"No paper publishes a pose requirement for this joint in this pose (joint demand listed from Heavy file 1, mechanics only)",n/a (the blank is the honest cell),Base tests straight-leg raise instead (different movement). Bent-knee hip flexion is NOT measured by Base: grey 'not measured by Base'. No new test proposed,no
SUP04,Supine,Apanasana,Knees-to-Chest,Knee,Flexion,,UNVERIFIED,"No paper publishes a pose requirement for this joint in this pose (joint demand listed from Heavy file 1, mechanics only)",n/a (the blank is the honest cell),Not measured by Base: grey 'not measured by Base'. No new test proposed,no
SUP05,Supine,Pavanamuktasana,Wind-Relieving,Hip,"Flexion, knee bent",,UNVERIFIED,"No paper publishes a pose requirement for this joint in this pose (joint demand listed from Heavy file 1, mechanics only)",n/a (the blank is the honest cell),Base tests straight-leg raise instead (different movement). Bent-knee hip flexion is NOT measured by Base: grey 'not measured by Base'. No new test proposed,no
SUP05,Supine,Pavanamuktasana,Wind-Relieving,Knee,Flexion,,UNVERIFIED,"No paper publishes a pose requirement for this joint in this pose (joint demand listed from Heavy file 1, mechanics only)",n/a (the blank is the honest cell),Not measured by Base: grey 'not measured by Base'. No new test proposed,no
SUP06,Supine,Supta Virasana,Reclined Hero,Knee,Flexion,,UNVERIFIED,"No paper publishes a pose requirement for this joint in this pose (joint demand listed from Heavy file 1, mechanics only)",n/a (the blank is the honest cell),Not measured by Base: grey 'not measured by Base'. No new test proposed,no
SUP06,Supine,Supta Virasana,Reclined Hero,Hip,Extension,,UNVERIFIED,"No paper publishes a pose requirement for this joint in this pose (joint demand listed from Heavy file 1, mechanics only)",n/a (the blank is the honest cell),Not measured by Base: grey 'not measured by Base'. No new test proposed,no
SUP06,Supine,Supta Virasana,Reclined Hero,Spine,Extension (lumbar and thoracic not separable),,UNVERIFIED,"No paper publishes a pose requirement for this joint in this pose (joint demand listed from Heavy file 1, mechanics only)",n/a (the blank is the honest cell),Proxy only: Base lumbar extension stands in; thoracic not separable. Flag 'lumbar only',unknown
SUP07,Supine,Uttana Padasana,Raised-Leg Pose (Heavy: Extended-Leg Fish),Hip,"Flexion, knee bent",,UNVERIFIED,"No paper publishes a pose requirement for this joint in this pose (joint demand listed from Heavy file 1, mechanics only)",n/a (the blank is the honest cell),Base tests straight-leg raise instead (different movement). Bent-knee hip flexion is NOT measured by Base: grey 'not measured by Base'. No new test proposed,no
SUP07,Supine,Uttana Padasana,Raised-Leg Pose (Heavy: Extended-Leg Fish),Spine,Extension (lumbar and thoracic not separable),,UNVERIFIED,"No paper publishes a pose requirement for this joint in this pose (joint demand listed from Heavy file 1, mechanics only)",n/a (the blank is the honest cell),Proxy only: Base lumbar extension stands in; thoracic not separable. Flag 'lumbar only',unknown
SUP08,Supine,Anantasana,Side-Reclining Leg Lift,Hip,Abduction - lifted leg,,UNVERIFIED,"No paper publishes a pose requirement for this joint in this pose (joint demand listed from Heavy file 1, mechanics only)",n/a (the blank is the honest cell),"Standing, leg out to side, phone on front of thigh (Base tests this)",yes
SUP09,Supine,Supta Padangusthasana B,"Reclined Big Toe, out to the side",Hip,Abduction,,UNVERIFIED,"No paper publishes a pose requirement for this joint in this pose (joint demand listed from Heavy file 1, mechanics only)",n/a (the blank is the honest cell),"Standing, leg out to side, phone on front of thigh (Base tests this)",yes
SUP09,Supine,Supta Padangusthasana B,"Reclined Big Toe, out to the side",Knee,Extension (to straight),,UNVERIFIED,"No paper publishes a pose requirement for this joint in this pose (joint demand listed from Heavy file 1, mechanics only)",n/a (the blank is the honest cell),Not measured by Base: grey 'not measured by Base'. No new test proposed,no
SUP10,Supine,Supta Padangusthasana C,"Reclined Big Toe, across",Hip,Adduction,,UNVERIFIED,"No paper publishes a pose requirement for this joint in this pose (joint demand listed from Heavy file 1, mechanics only)",n/a (the blank is the honest cell),Not measured by Base: grey 'not measured by Base'. No new test proposed,no
SUP10,Supine,Supta Padangusthasana C,"Reclined Big Toe, across",Knee,Extension (to straight),,UNVERIFIED,"No paper publishes a pose requirement for this joint in this pose (joint demand listed from Heavy file 1, mechanics only)",n/a (the blank is the honest cell),Not measured by Base: grey 'not measured by Base'. No new test proposed,no
SUP10,Supine,Supta Padangusthasana C,"Reclined Big Toe, across",Spine,Rotation (thoracic),,UNVERIFIED,"No paper publishes a pose requirement for this joint in this pose (joint demand listed from Heavy file 1, mechanics only)",n/a (the blank is the honest cell),Not measured by Base: grey 'not measured by Base'. No new test proposed,no
PRN01,Prone and all-fours,Marjaryasana,Cat,Spine,Flexion (lumbar and thoracic not separable),,UNVERIFIED,"No paper publishes a pose requirement for this joint in this pose (joint demand listed from Heavy file 1, mechanics only)",n/a (the blank is the honest cell),Proxy only: Base lumbar flexion stands in; thoracic not separable. Flag 'lumbar only',unknown
PRN01,Prone and all-fours,Marjaryasana,Cat,Shoulder,Flexion (overhead),,UNVERIFIED,"No paper publishes a pose requirement for this joint in this pose (joint demand listed from Heavy file 1, mechanics only)",n/a (the blank is the honest cell),"Standing, arm overhead, phone on upper arm (Base tests this)",yes
PRN01,Prone and all-fours,Marjaryasana,Cat,Hip,"Flexion, knee bent",,UNVERIFIED,"No paper publishes a pose requirement for this joint in this pose (joint demand listed from Heavy file 1, mechanics only)",n/a (the blank is the honest cell),Base tests straight-leg raise instead (different movement). Bent-knee hip flexion is NOT measured by Base: grey 'not measured by Base'. No new test proposed,no
PRN02,Prone and all-fours,Bitilasana,Cow,Spine,Extension (lumbar and thoracic not separable),,UNVERIFIED,"No paper publishes a pose requirement for this joint in this pose (joint demand listed from Heavy file 1, mechanics only)",n/a (the blank is the honest cell),Proxy only: Base lumbar extension stands in; thoracic not separable. Flag 'lumbar only',unknown
PRN02,Prone and all-fours,Bitilasana,Cow,Shoulder,Flexion (overhead),,UNVERIFIED,"No paper publishes a pose requirement for this joint in this pose (joint demand listed from Heavy file 1, mechanics only)",n/a (the blank is the honest cell),"Standing, arm overhead, phone on upper arm (Base tests this)",yes
PRN02,Prone and all-fours,Bitilasana,Cow,Hip,Extension,,UNVERIFIED,"No paper publishes a pose requirement for this joint in this pose (joint demand listed from Heavy file 1, mechanics only)",n/a (the blank is the honest cell),Not measured by Base: grey 'not measured by Base'. No new test proposed,no
PRN04,Prone and all-fours,Bharmanasana,Tabletop,Shoulder,Flexion (overhead),,UNVERIFIED,"No paper publishes a pose requirement for this joint in this pose (joint demand listed from Heavy file 1, mechanics only)",n/a (the blank is the honest cell),"Standing, arm overhead, phone on upper arm (Base tests this)",yes
PRN04,Prone and all-fours,Bharmanasana,Tabletop,Hip,"Flexion, knee bent",,UNVERIFIED,"No paper publishes a pose requirement for this joint in this pose (joint demand listed from Heavy file 1, mechanics only)",n/a (the blank is the honest cell),Base tests straight-leg raise instead (different movement). Bent-knee hip flexion is NOT measured by Base: grey 'not measured by Base'. No new test proposed,no
PRN04,Prone and all-fours,Bharmanasana,Tabletop,Knee,Flexion,,UNVERIFIED,"No paper publishes a pose requirement for this joint in this pose (joint demand listed from Heavy file 1, mechanics only)",n/a (the blank is the honest cell),Not measured by Base: grey 'not measured by Base'. No new test proposed,no
PRN05,Prone and all-fours,Eka Pada Marjaryasana (Heavy; bird dog),Bird Dog,Shoulder,Flexion (overhead),,UNVERIFIED,"No paper publishes a pose requirement for this joint in this pose (joint demand listed from Heavy file 1, mechanics only)",n/a (the blank is the honest cell),"Standing, arm overhead, phone on upper arm (Base tests this)",yes
PRN05,Prone and all-fours,Eka Pada Marjaryasana (Heavy; bird dog),Bird Dog,Hip,Extension,,UNVERIFIED,"No paper publishes a pose requirement for this joint in this pose (joint demand listed from Heavy file 1, mechanics only)",n/a (the blank is the honest cell),Not measured by Base: grey 'not measured by Base'. No new test proposed,no
PRN06,Prone and all-fours,(none: modern shoulder drill),Prone Cactus / Goal-Post Lift,Shoulder,External rotation,,UNVERIFIED,"No paper publishes a pose requirement for this joint in this pose (joint demand listed from Heavy file 1, mechanics only)",n/a (the blank is the honest cell),"Arm out to side at 90, elbow 90, forearm rotates up (Base tests this)",yes
PRN06,Prone and all-fours,(none: modern shoulder drill),Prone Cactus / Goal-Post Lift,Shoulder,Extension,,UNVERIFIED,"No paper publishes a pose requirement for this joint in this pose (joint demand listed from Heavy file 1, mechanics only)",n/a (the blank is the honest cell),Not measured by Base: grey 'not measured by Base'. No new test proposed,no
RST03,Restorative,(constructive rest),Legs on a Chair,Hip,"Flexion, knee bent",,UNVERIFIED,"No paper publishes a pose requirement for this joint in this pose (joint demand listed from Heavy file 1, mechanics only)",n/a (the blank is the honest cell),Base tests straight-leg raise instead (different movement). Bent-knee hip flexion is NOT measured by Base: grey 'not measured by Base'. No new test proposed,no
RST03,Restorative,(constructive rest),Legs on a Chair,Knee,Flexion,,UNVERIFIED,"No paper publishes a pose requirement for this joint in this pose (joint demand listed from Heavy file 1, mechanics only)",n/a (the blank is the honest cell),Not measured by Base: grey 'not measured by Base'. No new test proposed,no
RST04,Restorative (prop variant of BCK06),Supported Setu Bandha,Supported Bridge,Spine,Extension (lumbar and thoracic not separable),,UNVERIFIED,"No paper publishes a pose requirement for this joint in this pose (joint demand listed from Heavy file 1, mechanics only)",n/a (the blank is the honest cell),Proxy only: Base lumbar extension stands in; thoracic not separable. Flag 'lumbar only',unknown
RST04,Restorative (prop variant of BCK06),Supported Setu Bandha,Supported Bridge,Hip,Extension,,UNVERIFIED,"No paper publishes a pose requirement for this joint in this pose (joint demand listed from Heavy file 1, mechanics only)",n/a (the blank is the honest cell),Not measured by Base: grey 'not measured by Base'. No new test proposed,no
RST04,Restorative (prop variant of BCK06),Supported Setu Bandha,Supported Bridge,Knee,Flexion,,UNVERIFIED,"No paper publishes a pose requirement for this joint in this pose (joint demand listed from Heavy file 1, mechanics only)",n/a (the blank is the honest cell),Not measured by Base: grey 'not measured by Base'. No new test proposed,no
RST05,Restorative (prop variant of FWD07),Supported Balasana,Supported Child's Pose,Hip,"Flexion, knee bent",,UNVERIFIED,"No paper publishes a pose requirement for this joint in this pose (joint demand listed from Heavy file 1, mechanics only)",n/a (the blank is the honest cell),Base tests straight-leg raise instead (different movement). Bent-knee hip flexion is NOT measured by Base: grey 'not measured by Base'. No new test proposed,no
RST05,Restorative (prop variant of FWD07),Supported Balasana,Supported Child's Pose,Knee,Flexion,,UNVERIFIED,"No paper publishes a pose requirement for this joint in this pose (joint demand listed from Heavy file 1, mechanics only)",n/a (the blank is the honest cell),Not measured by Base: grey 'not measured by Base'. No new test proposed,no
RST05,Restorative (prop variant of FWD07),Supported Balasana,Supported Child's Pose,Spine,Flexion (lumbar and thoracic not separable),,UNVERIFIED,"No paper publishes a pose requirement for this joint in this pose (joint demand listed from Heavy file 1, mechanics only)",n/a (the blank is the honest cell),Proxy only: Base lumbar flexion stands in; thoracic not separable. Flag 'lumbar only',unknown
RST06,Restorative (prop variant of INV07),Supported Viparita Karani,Supported Legs-Up,Hip,"Flexion, knee straight",,UNVERIFIED,"No paper publishes a pose requirement for this joint in this pose (joint demand listed from Heavy file 1, mechanics only)",n/a (the blank is the honest cell),"Supine straight-leg raise, phone on shin, knee stays straight (Base tests this one)",yes
RST06,Restorative (prop variant of INV07),Supported Viparita Karani,Supported Legs-Up,Knee,Extension (to straight),,UNVERIFIED,"No paper publishes a pose requirement for this joint in this pose (joint demand listed from Heavy file 1, mechanics only)",n/a (the blank is the honest cell),Not measured by Base: grey 'not measured by Base'. No new test proposed,no
RST07,Restorative (prop variant of SUP01),Supta Baddha Konasana (bolster),Reclined Butterfly on a Bolster,Hip,External rotation,,UNVERIFIED,"No paper publishes a pose requirement for this joint in this pose (joint demand listed from Heavy file 1, mechanics only)",n/a (the blank is the honest cell),"Seated, hip and knee at 90, shin swings inward, phone on shin (Base tests this). Coarse: pose end-range is a different position",yes
RST07,Restorative (prop variant of SUP01),Supta Baddha Konasana (bolster),Reclined Butterfly on a Bolster,Hip,"Flexion, knee bent",,UNVERIFIED,"No paper publishes a pose requirement for this joint in this pose (joint demand listed from Heavy file 1, mechanics only)",n/a (the blank is the honest cell),Base tests straight-leg raise instead (different movement). Bent-knee hip flexion is NOT measured by Base: grey 'not measured by Base'. No new test proposed,no
RST07,Restorative (prop variant of SUP01),Supta Baddha Konasana (bolster),Reclined Butterfly on a Bolster,Hip,Abduction,,UNVERIFIED,"No paper publishes a pose requirement for this joint in this pose (joint demand listed from Heavy file 1, mechanics only)",n/a (the blank is the honest cell),"Standing, leg out to side, phone on front of thigh (Base tests this)",yes
RST08,Restorative (prop variant of BCK09),Supported Matsyasana,Supported Fish,Spine,Extension (lumbar and thoracic not separable),,UNVERIFIED,"No paper publishes a pose requirement for this joint in this pose (joint demand listed from Heavy file 1, mechanics only)",n/a (the blank is the honest cell),Proxy only: Base lumbar extension stands in; thoracic not separable. Flag 'lumbar only',unknown
RST08,Restorative (prop variant of BCK09),Supported Matsyasana,Supported Fish,Cervical,Extension,,UNVERIFIED,"No paper publishes a pose requirement for this joint in this pose (joint demand listed from Heavy file 1, mechanics only)",n/a (the blank is the honest cell),"Seated, phone at temple (Base tests this)",yes
RST09,Restorative (prop variant of FWD01),Supported Paschimottanasana,Supported Seated Fold,Hip,"Flexion, knee straight",,UNVERIFIED,"No paper publishes a pose requirement for this joint in this pose (joint demand listed from Heavy file 1, mechanics only)",n/a (the blank is the honest cell),"Supine straight-leg raise, phone on shin, knee stays straight (Base tests this one)",yes
RST09,Restorative (prop variant of FWD01),Supported Paschimottanasana,Supported Seated Fold,Spine,Flexion (lumbar and thoracic not separable),,UNVERIFIED,"No paper publishes a pose requirement for this joint in this pose (joint demand listed from Heavy file 1, mechanics only)",n/a (the blank is the honest cell),Proxy only: Base lumbar flexion stands in; thoracic not separable. Flag 'lumbar only',unknown
RST10,Restorative (prop variant of TWS10),Supported twist,Bolster Reclined Twist,Spine,Rotation (thoracic),,UNVERIFIED,"No paper publishes a pose requirement for this joint in this pose (joint demand listed from Heavy file 1, mechanics only)",n/a (the blank is the honest cell),Not measured by Base: grey 'not measured by Base'. No new test proposed,no
RST10,Restorative (prop variant of TWS10),Supported twist,Bolster Reclined Twist,Knee,Flexion,,UNVERIFIED,"No paper publishes a pose requirement for this joint in this pose (joint demand listed from Heavy file 1, mechanics only)",n/a (the blank is the honest cell),Not measured by Base: grey 'not measured by Base'. No new test proposed,no
RST12,Restorative (prop variant of SIT01),Easy Pose forward rest,Head on Blocks in Easy Pose,Hip,External rotation,,UNVERIFIED,"No paper publishes a pose requirement for this joint in this pose (joint demand listed from Heavy file 1, mechanics only)",n/a (the blank is the honest cell),"Seated, hip and knee at 90, shin swings inward, phone on shin (Base tests this). Coarse: pose end-range is a different position",yes
RST12,Restorative (prop variant of SIT01),Easy Pose forward rest,Head on Blocks in Easy Pose,Knee,Flexion,,UNVERIFIED,"No paper publishes a pose requirement for this joint in this pose (joint demand listed from Heavy file 1, mechanics only)",n/a (the blank is the honest cell),Not measured by Base: grey 'not measured by Base'. No new test proposed,no
RST12,Restorative (prop variant of SIT01),Easy Pose forward rest,Head on Blocks in Easy Pose,Spine,Flexion (lumbar and thoracic not separable),,UNVERIFIED,"No paper publishes a pose requirement for this joint in this pose (joint demand listed from Heavy file 1, mechanics only)",n/a (the blank is the honest cell),Proxy only: Base lumbar flexion stands in; thoracic not separable. Flag 'lumbar only',unknown
SUN08-W,Sun Salutation and vinyasa links (prop variant),"Adho Mukha Svanasana, hands on wall","Downward Dog, hands on wall (modified)",Hip,"Hip flexion, dominant leg",83.1 +/- 17.6,EVIDENCE,"E Samarawickrame 2011 (MSSE abstract), n=24 older adults, hands on wall, max forward bend","Medium: observed mean, not a minimum. NOT floor dog","Supine straight-leg raise, phone on shin, knee stays straight (Base tests this one)",yes
SUN08-W,Sun Salutation and vinyasa links (prop variant),"Adho Mukha Svanasana, hands on wall","Downward Dog, hands on wall (modified)",Knee,Knee flexion (0 = straight),26.2 +/- 13.5,EVIDENCE,E,"Medium: observed mean, not a minimum",Not measured by Base: grey 'not measured by Base'. No new test proposed,no
SUN08-W,Sun Salutation and vinyasa links (prop variant),"Adho Mukha Svanasana, hands on wall","Downward Dog, hands on wall (modified)",Ankle,Ankle sagittal (flexion positive per abstract),12.6 +/- 6.4,EVIDENCE,E,"Medium: observed mean, not a minimum",Not measured by Base: grey 'not measured by Base'. No new test proposed,no
SUN08-W,Sun Salutation and vinyasa links (prop variant),"Adho Mukha Svanasana, hands on wall","Downward Dog, hands on wall (modified)",Shoulder,Shoulder flexion,118.8 +/- 13.6,EVIDENCE,E,"Medium: observed mean, not a minimum","Standing, arm overhead, phone on upper arm (Base tests this)",yes
SUN08-W,Sun Salutation and vinyasa links (prop variant),"Adho Mukha Svanasana, hands on wall","Downward Dog, hands on wall (modified)",Elbow,Elbow flexion,48.8 +/- 15.6,EVIDENCE,E,"Medium: observed mean, not a minimum",Not measured by Base: grey 'not measured by Base'. No new test proposed,no
SUN08-W,Sun Salutation and vinyasa links (prop variant),"Adho Mukha Svanasana, hands on wall","Downward Dog, hands on wall (modified)",Wrist,Wrist (flexion positive: -15.5 = 15.5 extension),-15.5 +/- 12.3,EVIDENCE,E,"Medium: observed mean, not a minimum",Not measured by Base: grey 'not measured by Base'. No new test proposed,no
SUN01,Sun Salutation and vinyasa links,Tadasana (Samasthiti),Mountain,(none listed),No joint range demand listed (neutral / rest shape),,UNVERIFIED,Heavy file 1 lists no joint demand beyond neutral; no paper,n/a,n/a,unknown
PRN03,Prone and all-fours,Makarasana,Crocodile,(none listed),No joint range demand listed (neutral / rest shape),,UNVERIFIED,Heavy file 1 lists no joint demand beyond neutral; no paper,n/a,n/a,unknown
RST01,Restorative,Savasana,Corpse,(none listed),No joint range demand listed (neutral / rest shape),,UNVERIFIED,Heavy file 1 lists no joint demand beyond neutral; no paper,n/a,n/a,unknown
RST02,Restorative,(side-lying Savasana),Side Rest,(none listed),No joint range demand listed (neutral / rest shape),,UNVERIFIED,Heavy file 1 lists no joint demand beyond neutral; no paper,n/a,n/a,unknown
RST11,Restorative (prop variant of PRN03),Prone bolster rest,Prone Savasana on a Bolster,(none listed),No joint range demand listed (neutral / rest shape),,UNVERIFIED,Heavy file 1 lists no joint demand beyond neutral; no paper,n/a,n/a,unknown
